Palavra,Frequência
banco,475
btg,408
pra,386
limite,363
conta,319
cartão,310
melhor,228
agora,218
sempre,181
vai,172
fazer,172
dinheiro,168
ter,166
vcs,164
obrigado,161
flu,152
tudo,149
nunca,148
sobre,146
todos,145
dia,143
ainda,142
app,142
vou,141
bom,139
nada,132
pode,131
faz,126
atendimento,124
dias,123
investimento,117
q,117
crédito,116
tá,115
investimentos,112
quero,110
bem,109
cliente,107
pessoas,105
parabéns,104
todo,103
pesquisa,100
recebi,100
aqui,100
porque,98
mim,97
pois,95
boa,94
empresa,93
aí,89
hoje,87
saber,83
realmente,83
ver,80
mil,79
taxa,78
fiz,78
contato,77
tão,76
investir,75
clientes,74
apenas,73
pq,73
assim,72
pior,72
abrir,71
posso,71
valor,71
pro,70
vc,70
vem,69
pix,69
vida,69
vão,68
desde,66
vamos,66
pagamento,64
nao,64
ajuda,64
vez,64
bancos,64
desse,63
caso,62
algo,62
bolsonaro,62
deus,61
fatura,60
menos,60
cada,60
onde,60
retorno,59
gostaria,59
sendo,59
plataforma,58
dar,57
reais,57
antes,57
trabalho,57
maior,57
fazendo,56
qualquer,56
mês,55
então,55
brasil,55
outros,55
grande,55
gente,54
hora,54
consigo,54
quer,54
i,53
fez,53
corretora,53
pesquisas,53
ninguém,52
usar,52
semana,52
parte,52
vi,51
falta,51
péssimo,51
tentando,51
selic,50
lula,50
dá,50
ficar,50
sei,49
toda,49
nesse,48
black,48
todas,48
dessa,48
lucro,47
fluminense,47
entrar,47
coisa,46
contas,46
falar,46
queria,45
lá,45
tô,45
compra,45
tempo,45
acho,44
preciso,44
investi,44
ajudar,44
ja,44
além,43
outro,43
resposta,43
entender,42
excelente,42
mesma,42
outra,42
vergonha,41
pagar,41
sucesso,41
recomendo,41
ficou,41
após,41
erro,41
carteira,41
ano,41
obrigada,40
pouco,40
chat,40
p,40
aplicativo,40
alguém,39
assessor,39
mundo,39
porém,39
pago,39
vezes,39
uso,38
resolver,38
experiência,38
fica,38
sabe,38
time,38
favor,37
ordem,37
povo,37
nenhum,37
mercado,36
faço,36
processo,36
poder,36
to,36
cancelar,36
cara,36
sair,36
quanto,36
dizer,36
primeiro,35
abri,35
anos,35
reduziram,35
renda,35
meses,35
mensagem,35
duas,35
demais,34
incrível,33
tirar,33
infelizmente,33
difícil,33
governo,33
precisa,33
nome,33
fiquei,33
acredito,33
corretagem,32
novamente,32
diz,32
deu,32
receber,32
pessoa,32
forma,32
ontem,32
assessoria,32
melhores,32
ações,32
mandei,32
ótimo,31
cdb,31
paguei,31
us,31
simplesmente,31
problemas,31
possível,31
muita,30
deram,30
jeito,30
equipe,30
podem,30
totalmente,30
aconteceu,30
alegria,30
suporte,30
feito,29
país,29
sim,29
ganhei,29
super,29
absurdo,29
site,29
quase,29
comprar,28
existe,28
feliz,28
igual,28
olha,28
informações,28
fazem,28
algum,28
outras,28
fizeram,27
dando,27
deveria,27
aviso,27
ruim,27
deixar,27
falando,27
pt,27
valores,27
faturas,27
tanto,27
junto,27
pactual,27
dão,27
sido,27
tipo,27
sistema,27
contra,27
espero,27
colocar,26
top,26
verdade,26
direct,26
fala,26
show,26
acesso,26
motivo,26
dizem,26
paulo,26
pagando,26
nenhuma,26
alguns,26
simples,25
link,25
começar,25
consegue,25
novo,25
diminuíram,25
pequeno,25
conseguir,25
mulher,25
frente,25
esperando,25
sorte,25
digital,25
trabalhar,24
presidente,24
comecei,24
tentar,24
alguma,24
muitos,24
foto,24
página,24
passar,24
através,24
consegui,24
limites,24
economia,23
xp,23
the,23
comigo,23
logo,23
produtos,23
chegou,23
juros,23
bora,23
empresas,23
graças,23
certeza,23
cadê,23
nessa,23
achei,23
instituição,23
and,23
ai,22
acabei,22
kkk,22
aumento,22
querem,22
volta,22
perfil,22
parece,22
várias,22
obtive,22
trader,22
relação,22
deve,22
tentei,22
kkkkk,21
causa,21
redução,21
tarcísio,21
decisão,21
uns,21
tbm,21
y,21
confiança,21
análise,21
poderia,21
opção,21
pessoal,21
segundo,21
chama,21
so,21
mudou,21
perder,21
ação,21
real,21
depositei,21
credibilidade,21
orgulho,20
hj,20
guedes,20
casa,20
dois,20
vários,20
possa,20
nesta,20
dúvida,20
bons,20
via,20
usando,20
movimento,20
serviço,20
existem,20
cartões,20
diligência,20
mudar,20
alto,19
ta,19
grato,19
história,19
próprio,19
propaganda,19
neste,19
família,19
total,19
projeto,19
inflação,19
aprovando,19
diminuir,19
la,19
enviar,19
fundo,19
qualidade,19
ganhar,19
solução,19
rosto,19
of,19
visto,19
empréstimo,18
gerente,18
tendo,18
capital,18
acessos,18
preço,18
taxas,18
continuar,18
venderam,18
ótima,18
inclusive,18
explicar,18
you,18
vale,18
investindo,18
perdendo,18
enquanto,18
grandes,18
comentários,18
horrível,18
certo,17
passando,17
né,17
durante,17
principal,17
cima,17
atrasei,17
contar,17
central,17
msg,17
confiabilidade,17
lugar,17
prejuízo,17
suficiente,17
operações,17
haddad,17
zero,17
banking,17
ativos,17
importante,17
menor,17
investidores,17
linda,17
política,17
ir,17
deixa,17
evento,17
efeito,16
melhorar,16
vídeo,16
financeira,16
sério,16
algumas,16
transferência,16
fico,16
bilhões,16
pontos,16
última,16
n,16
recebo,16
coisas,16
enviei,16
querendo,16
continue,16
aguardando,16
disse,16
comentário,16
aprecio,16
lindo,16
fato,16
paga,16
maravilhoso,16
amigo,16
acessar,16
dentro,16
decepção,16
post,16
direito,16
los,16
passei,16
brasileiro,15
liberou,15
situação,15
praticamente,15
esforços,15
mal,15
reclame,15
entrei,15
alta,15
boas,15
ruas,15
muitas,15
dados,15
mínimo,15
retirar,15
irei,15
nova,15
opinião,15
semanas,15
fácil,15
transferir,15
dm,15
anuidade,15
benefícios,15
veio,15
troca,15
sabem,15
primeira,15
chega,15
número,15
en,15
estado,15
milhões,15
pedir,14
feita,14
deveriam,14
risco,14
oportunidade,14
caiu,14
precisar,14
ordens,14
somente,14
respeito,14
conseguindo,14
negócios,14
brincadeira,14
tiraram,14
responde,14
compartilhar,14
candidato,14
lucros,14
testar,14
iof,14
dose,14
reclamação,14
my,14
segunda,14
grupo,14
sensacional,14
horas,14
encerrar,14
exemplo,14
prazer,14
sorriso,14
amo,14
interessante,14
longo,14
cobrir,14
telefone,14
dizendo,14
momento,14
descaso,14
responder,14
segurança,14
sala,14
passa,14
passo,14
custódia,13
informação,13
honestidade,13
cuidado,13
interesse,13
ponto,13
tantas,13
disponível,13
informar,13
negócio,13
kkkk,13
apoia,13
indicação,13
serviços,13
programa,13
atualização,13
palavras,13
senhora,13
digo,13
gostei,13
quais,13
aumentar,13
problema,13
conseguiu,13
inter,13
últimas,13
liberar,13
sentir,13
américa,13
parceria,13
d,13
questão,13
alvo,13
esquerda,13
medo,13
atenção,13
abre,13
inicial,13
débito,13
dúvidas,13
realidade,13
day,13
diminuiu,13
surpresa,13
diferente,13
merece,13
poderiam,13
vejo,13
amigos,13
pensando,13
pedi,12
decepcionado,12
investidor,12
bitcoin,12
apresentado,12
realizar,12
trade,12
más,12
pegar,12
ideia,12
dei,12
acreditar,12
portabilidade,12
homem,12
fim,12
devido,12
agradeço,12
prazo,12
normal,12
bloquearam,12
poucos,12
passou,12
indico,12
papeis,12
financeiro,12
acima,12
cdi,12
golpe,12
final,12
seguir,12
passada,12
data,12
trazer,12
mandar,12
aprovação,12
fã,12
perdi,12
mande,12
deixou,12
conteúdo,12
elevar,12
exatamente,12
três,12
aparece,12
funciona,12
ganha,12
email,12
função,12
it,12
rico,12
seguro,12
cobrança,12
olá,12
querer,12
tarde,12
oi,12
péssima,11
cobra,11
retirada,11
etc,11
maiores,11
encontrar,11
errado,11
alô,11
operar,11
abençoe,11
mão,11
baixo,11
meio,11
podemos,11
números,11
legal,11
explicação,11
disseram,11
único,11
própria,11
sequer,11
maioria,11
ligar,11
atendente,11
gosto,11
rua,11
comente,11
invés,11
fechar,11
começou,11
gasto,11
impossível,11
ajudou,11
amor,11
investe,11
feio,11
resultado,11
migrar,11
traz,11
morning,11
claro,11
usei,11
período,11
celular,11
felicidade,11
finanças,11
be,11
abertura,11
relacionamento,11
mandaram,11
pensa,11
aplicação,11
ministro,11
atitude,11
avisar,11
acontecendo,11
decisões,11
respondem,11
completamente,11
futuro,10
frear,10
têm,10
palhaçada,10
inegáveis,10
liberam,10
gastos,10
negativo,10
positivo,10
usa,10
santa,10
sac,10
voltar,10
direto,10
bb,10
trata,10
reclamações,10
lamento,10
dessas,10
nota,10
vence,10
histórico,10
redes,10
basta,10
your,10
obter,10
opções,10
votar,10
nível,10
detalhe,10
tambem,10
call,10
gerar,10
falam,10
sonho,10
variável,10
manda,10
negociação,10
tiram,10
tirou,10
espera,10
negociei,10
negociar,10
noite,10
decidi,10
lamentável,10
baixaram,10
instagram,10
dólar,10
mostra,10
agradecer,10
deste,10
produto,10
desta,10
atendentes,10
papel,10
sai,10
movimentação,10
precisam,10
senha,10
livre,10
digitais,10
principalmente,10
única,10
mãos,10
saldo,10
reduzindo,10
reduzido,10
sabia,10
corrente,10
cashback,10
score,10
significa,10
triste,10
entra,10
tempos,10
fonte,10
reduziu,10
galera,10
gostava,10
tb,10
spread,10
extremamente,10
partir,10
prévio,9
resultados,9
vive,9
confiável,9
esteves,9
maravilhosa,9
desrespeito,9
diminuindo,9
chamar,9
precisamos,9
continuarei,9
fluzão,9
responsabilidade,9
buscando,9
encerrando,9
inspiração,9
levar,9
amanhã,9
piada,9
ganhou,9
all,9
posição,9
sinto,9
especial,9
devo,9
falaram,9
transferi,9
água,9
dor,9
culpa,9
baixa,9
lado,9
começa,9
viagem,9
jamais,9
research,9
podia,9
baixou,9
pedindo,9
voto,9
confio,9
palavra,9
conversa,9
encontra,9
benefício,9
conflito,9
in,9
transformou,9
salário,9
pensei,9
alocação,9
faltou,9
chave,9
aonde,9
econômica,9
próximo,9
trocar,9
entendo,9
cadastro,9
el,9
responderam,9
complicado,9
proposta,9
feira,9
ex,9
entenda,9
diária,9
vip,9
acreditei,9
testemunhar,9
reeleito,9
sexta,9
acabou,9
chance,9
puder,9
tento,9
with,9
cobram,9
campanha,9
cancelei,9
milionário,9
recebeu,9
caro,9
aguardo,9
chamado,9
criar,9
trabalha,9
necessário,9
olhar,9
bosta,9
faltando,9
aprender,9
brasileiros,9
conseguem,9
satisfeito,9
cuidar,9
resolução,9
liquidez,9
operação,9
iniciativa,9
abraço,8
legítimo,8
consumidor,8
devem,8
sociais,8
tiro,8
objetivo,8
diminui,8
safra,8
solicitei,8
movimentar,8
subir,8
saques,8
prática,8
diversas,8
tende,8
fiis,8
pena,8
constrangimento,8
utilizar,8
verdadeiro,8
ganho,8
referência,8
cidade,8
quão,8
desbloqueio,8
loja,8
contrário,8
efeitos,8
criaram,8
tava,8
precisando,8
compras,8
tornou,8
viu,8
cruz,8
dificuldade,8
ted,8
honra,8
venda,8
resolve,8
confiar,8
andré,8
eternamente,8
more,8
incompetência,8
acompanhando,8
marketing,8
vota,8
continua,8
cheio,8
tesouro,8
prefiro,8
manter,8
fecha,8
recebendo,8
deixaram,8
maneira,8
torna,8
técnica,8
atrás,8
certa,8
palestra,8
atrativo,8
intenção,8
pai,8
pagas,8
assistir,8
justiça,8
cobrando,8
minutos,8
ódio,8
faça,8
invisto,8
curso,8
animado,8
cabeça,8
turno,8
fraude,8
restaurar,8
olho,8
gostando,8
bastante,8
fundos,8
iria,8
envio,8
si,8
hein,8
comunicação,8
ridículo,8
interesses,8
atual,8
fique,8
vencimento,8
parar,8
começando,8
live,8
patrocina,8
segue,8
presidiário,8
bolsa,8
kkkkkk,8
colocando,7
mensagens,7
eleitoral,7
aumenta,7
dica,7
robô,7
banqueiros,7
experimentei,7
possibilidade,7
comentarista,7
disso,7
reduzir,7
dividendos,7
liguei,7
cpf,7
dívidas,7
ia,7
chato,7
admiro,7
fluzao,7
cedo,7
parei,7
área,7
con,7
fantástico,7
aplicativos,7
úteis,7
critérios,7
falha,7
funcionário,7
provavelmente,7
oportunidades,7
oficial,7
decepcionada,7
concorrente,7
aplicações,7
desses,7
internet,7
tomem,7
afirmou,7
dicas,7
atendido,7
saiu,7
reconhecimento,7
profissional,7
cair,7
deixando,7
transparência,7
visão,7
abrindo,7
cai,7
utilizo,7
empurrando,7
finalmente,7
olhada,7
parcelas,7
crescimento,7
sr,7
trás,7
solucionar,7
dono,7
vê,7
estratégia,7
façam,7
solicitação,7
conseguiram,7
lira,7
credito,7
tarcisio,7
unificar,7
rever,7
online,7
this,7
comentar,7
ciro,7
quiser,7
foco,7
ladrão,7
cmg,7
quis,7
bando,7
salvou,7
acham,7
havia,7
financeiramente,7
falei,7
antigo,7
gastar,7
on,7
pague,7
relatórios,7
recomendação,7
acaba,7
zerado,7
ganhando,7
tal,7
procurando,7
literalmente,7
aconselho,7
analistas,7
juntar,7
fujam,7
oferece,7
roubar,7
vítima,7
abra,7
aporte,7
anda,7
queremos,7
casos,7
danos,7
diminuição,7
venha,7
sentido,7
apoiando,7
mesmos,7
vende,7
fixa,7
abaixaram,7
breve,7
instituições,7
rentabilidade,7
força,7
cdbs,7
ficam,7
liga,7
vídeos,7
bandeira,7
vender,7
entende,7
acessoria,7
chegando,7
imagina,7
população,7
teatro,7
falou,7
quantia,7
perderam,7
irá,7
escolhi,7
coloca,7
conhecer,7
eleição,7
últimos,7
pergunta,7
compromisso,7
marca,7
esperar,7
corre,7
valeu,7
reduz,7
nubank,7
nisso,7
criptomoedas,7
cadeia,7
freio,6
partiu,6
thanks,6
demora,6
explica,6
now,6
kk,6
virou,6
postura,6
deixei,6
voces,6
eua,6
nele,6
bandido,6
who,6
acontecer,6
parceiros,6
embora,6
juntos,6
platinum,6
exterior,6
sumiu,6
encerrei,6
conhecimento,6
investiu,6
continuo,6
líder,6
sacar,6
método,6
chamei,6
políticos,6
bolso,6
patrocinar,6
devedor,6
poucas,6
imagine,6
plano,6
comprometida,6
mostrar,6
espaço,6
participar,6
zerar,6
aula,6
acontece,6
vendo,6
tornar,6
procurar,6
vivo,6
inscrição,6
serve,6
mídia,6
eh,6
gera,6
absolutamente,6
devolvam,6
atrair,6
pagou,6
recomendações,6
gentileza,6
metade,6
milhares,6
responsável,6
começo,6
roubado,6
carteiras,6
devolver,6
ficando,6
investidos,6
demorou,6
solicitar,6
arrisquei,6
imaginar,6
amanda,6
títulos,6
possamos,6
justificativa,6
ouvir,6
got,6
fé,6
pj,6
ouvidoria,6
azul,6
lugares,6
tirando,6
feedback,6
pequena,6
recomenda,6
mãe,6
abaixo,6
oferecer,6
educação,6
missionária,6
privado,6
diferença,6
opera,6
if,6
costas,6
mudaram,6
patrimônio,6
good,6
fase,6
las,6
chora,6
kkkkkkkkk,6
pagamentos,6
consta,6
lci,6
eterno,6
umas,6
destrói,6
iriam,6
negativa,6
senhor,6
geral,6
padrão,6
interessado,6
tomar,6
feitas,6
daqui,6
stop,6
morais,6
fechamento,6
enviado,6
terça,6
liberaram,6
encontrei,6
poxa,6
btgpactual,6
parem,6
investido,6
apareceu,6
lista,6
acordo,6
ajudando,6
im,6
escritório,6
corretoras,6
novos,6
possuo,6
câmbio,6
estarei,6
último,6
referente,6
condição,6
promoção,6
apesar,6
mudança,6
are,6
ameaçar,6
reserva,6
meia,6
trouxe,6
tantos,6
disparando,6
c,6
assessora,6
isenção,6
descobri,6
cancelando,6
pagam,6
concordo,6
informaram,6
ligação,6
notificação,6
sinceramente,5
mensalidade,5
péssimos,5
aproveitar,5
salas,5
work,5
pv,5
ar,5
ajudem,5
percentual,5
altos,5
aceita,5
cerca,5
registrar,5
agro,5
cobrar,5
un,5
buscar,5
vontade,5
john,5
estagiário,5
quantos,5
entrou,5
mi,5
burro,5
cobrado,5
acha,5
forte,5
futebol,5
recebido,5
santander,5
chegar,5
unir,5
oq,5
mastercard,5
condenado,5
pede,5
enviaram,5
respondi,5
ma,5
efetuar,5
abram,5
bold,5
perda,5
resolveram,5
assumir,5
ligações,5
canais,5
financiamento,5
incluindo,5
muda,5
tanta,5
seriamente,5
viva,5
crise,5
agr,5
internacional,5
comercial,5
tela,5
gado,5
saque,5
jerson,5
comece,5
emprego,5
previsão,5
ate,5
solicitada,5
definitivamente,5
guerra,5
saiba,5
gratuita,5
perdeu,5
depósito,5
magalu,5
that,5
been,5
saf,5
ouvi,5
engraçado,5
alteração,5
programação,5
virar,5
entradas,5
has,5
talvez,5
nacional,5
impressão,5
baita,5
prédio,5
curto,5
grana,5
lca,5
eficiente,5
fornece,5
quatro,5
insatisfeita,5
estaria,5
atende,5
paulinho,5
jornada,5
apoiar,5
gosta,5
evitar,5
completo,5
liberdade,5
fii,5
sigo,5
much,5
papo,5
tmj,5
orientação,5
reduzem,5
igualada,5
bloqueia,5
ajustar,5
caras,5
comprem,5
esforço,5
preparando,5
saudades,5
joga,5
pau,5
acredita,5
legítima,5
desisti,5
presta,5
vinculado,5
terceira,5
aprovar,5
tirei,5
documento,5
louco,5
cartao,5
ceo,5
fluuu,5
metáfora,5
adianta,5
horário,5
freia,5
tendência,5
digio,5
sra,5
prefeito,5
analogias,5
debates,5
discussões,5
surgem,5
resolvido,5
vista,5
saco,5
felizmente,5
estorno,5
cores,5
colocaram,5
vamo,5
parabens,5
gratidão,5
print,5
mito,5
serem,5
oque,5
imagem,5
bloqueado,5
atraso,5
informou,5
td,5
acompanhar,5
indicações,5
reclamei,5
ficará,5
recuperei,5
rápido,5
documentos,5
planejamento,5
cancelada,5
judicial,5
recuperação,5
aumentam,5
cade,5
profit,5
coloquei,5
kkkkkkkk,5
mandou,5
ler,5
completa,5
whatsapp,5
plataformas,5
eventos,5
sócios,5
invista,5
clube,5
massa,5
invasão,5
acabar,5
posts,5
verificar,5
base,5
entendi,5
was,5
itaú,5
ok,5
dispostos,5
instabilidade,5
obras,5
made,5
acompanho,5
gestão,5
cachaceiro,5
corrupção,5
má,5
séria,5
contratar,5
precisava,5
primo,5
garantia,5
elogio,5
enviou,5
liberarem,5
ativo,5
versão,5
notícias,5
tomarem,5
continuam,5
estará,5
percebi,5
apps,5
libera,5
conte,5
movimentando,5
pacote,5
insta,5
ocorreu,5
perfeito,5
prejudicial,5
preso,5
rumo,5
sabendo,5
protocolo,5
remédio,5
tentativas,5
obg,5
mentira,5
rs,5
colateral,5
levou,5
ciência,4
atrasado,4
integrar,4
mínima,4
nense,4
oficio,4
amar,4
empréstimos,4
rsrs,4
prévia,4
stress,4
aparecer,4
monte,4
sie,4
sinceridade,4
dólares,4
sp,4
sinal,4
empreendedor,4
parecer,4
excluir,4
surreal,4
tratam,4
tradicionais,4
conheci,4
ferramenta,4
fiel,4
siga,4
poste,4
ah,4
comprou,4
correr,4
filho,4
trabalhador,4
abriu,4
knew,4
conselhos,4
esperança,4
consideração,4
votos,4
fluu,4
empresarial,4
alcançar,4
abro,4
bancária,4
trava,4
particularmente,4
justica,4
es,4
chamada,4
indicar,4
inteligência,4
nfts,4
facial,4
al,4
seguindo,4
comenzar,4
analista,4
aberta,4
caixa,4
abril,4
design,4
retira,4
publicar,4
detalhes,4
sacanagem,4
críticas,4
dura,4
cancelamento,4
satisfação,4
from,4
tranquilo,4
gratuitamente,4
cenário,4
deixe,4
julgamento,4
respeitam,4
terceiros,4
tenso,4
soube,4
alocar,4
eleições,4
matéria,4
fome,4
indignada,4
endereço,4
ressarcir,4
interessantes,4
trades,4
leva,4
saudade,4
peguei,4
ali,4
puta,4
torcida,4
bug,4
msm,4
bater,4
amazing,4
woman,4
nojo,4
apoio,4
encerrada,4
sinalizado,4
visa,4
bloqueada,4
ouro,4
arrependimento,4
olhando,4
juiz,4
aparecendo,4
alterar,4
funcionários,4
desconto,4
possui,4
vir,4
bacana,4
margem,4
criados,4
busco,4
analisando,4
assessores,4
ever,4
integração,4
indo,4
tire,4
notícia,4
dívida,4
estudar,4
novas,4
diversos,4
have,4
análises,4
incríveis,4
certinho,4
daí,4
dilma,4
rodrigo,4
usam,4
desejar,4
travada,4
escritórios,4
melhora,4
orçamento,4
longe,4
sabemos,4
an,4
layout,4
tira,4
ouvidos,4
fake,4
profissionais,4
jogo,4
conceito,4
ética,4
procon,4
perca,4
falso,4
nordeste,4
how,4
beneficiei,4
testemunho,4
montar,4
teste,4
canal,4
deixo,4
convite,4
virtual,4
semanal,4
irmão,4
vidas,4
pátria,4
crescer,4
regras,4
l,4
claramente,4
iniciando,4
usuários,4
coração,4
urgência,4
could,4
aprovado,4
recursos,4
musa,4
corruptos,4
postagem,4
tamo,4
entrevista,4
paciência,4
impressionado,4
vim,4
desistir,4
passado,4
pedem,4
seguros,4
gráficos,4
mesa,4
confessar,4
indiquei,4
inspira,4
graça,4
conheço,4
am,4
recentemente,4
pensar,4
ninguem,4
revisão,4
ativação,4
tenta,4
posições,4
apresenta,4
adicionais,4
aplicar,4
ativar,4
posicionamento,4
governantes,4
resolvem,4
ué,4
educado,4
geralmente,4
enganosa,4
social,4
prejudicando,4
pedido,4
nessas,4
baixando,4
fiquem,4
preocupar,4
aguarda,4
frase,4
termos,4
biometria,4
máximo,4
colaterais,4
tebet,4
google,4
passarem,4
tendem,4
ae,4
tomando,4
conto,4
tc,4
perto,4
gasolina,4
stf,4
justamente,4
estarem,4
ha,4
oferecem,4
impossibilitado,4
calculadora,4
mitu,4
eleitor,4
terem,4
first,4
sementes,4
segura,4
ótimas,4
progressos,4
metas,4
adoro,4
irão,4
pandemia,4
ficaria,4
pontuação,4
senso,4
mandam,4
desbloquear,4
gigante,4
like,4
antecipado,4
indiretos,4
esclarecer,4
love,4
comentario,4
just,4
propriamente,4
procurei,4
resolveu,4
genial,4
uau,4
voce,4
estao,4
zera,4
inúmeros,4
papai,4
cortaram,4
média,4
empolgado,4
arca,4
verdadeira,4
acreditava,4
roubou,4
drasticamente,4
disposição,4
alternativas,4
parado,4
recomendado,4
experiências,4
presidência,4
choro,4
cidadão,4
gás,4
diariamente,4
eleva,4
obrigar,4
estoy,4
controle,4
conosco,4
importa,4
divulgar,4
tranquilidade,4
mantém,4
determinado,4
escolher,4
manhã,4
trazendo,4
recomendada,4
people,4
instruções,4
jesus,4
demanda,4
conforme,4
carta,4
dedos,4
segui,4
estás,4
explicando,4
encontro,4
abaixou,4
crime,4
traders,4
titular,4
pega,4
natura,4
recomendou,4
guinada,4
lógico,4
perdido,4
leis,4
funções,4
agir,4
intuito,4
sigilo,4
tao,4
atendem,4
lê,4
cobertor,4
bela,4
realizada,4
regular,4
ensinar,4
planos,3
droga,3
linha,3
deixam,3
voice,3
reclamar,3
instável,3
nomes,3
mel,3
mg,3
porquê,3
furada,3
majoritário,3
chateada,3
ó,3
x,3
cria,3
deixado,3
diário,3
profitpro,3
próprias,3
relatório,3
open,3
sete,3
baixar,3
shopping,3
comum,3
usd,3
perco,3
vistas,3
precisei,3
comprovante,3
relacionado,3
pontuar,3
nominalmente,3
surpreso,3
estragar,3
sob,3
planejar,3
controlar,3
linhas,3
acessória,3
reclamando,3
regiões,3
abusiva,3
fear,3
empresta,3
apreço,3
ativa,3
educador,3
aumentou,3
gigantes,3
direitos,3
pagamos,3
alegando,3
fechei,3
rewards,3
belo,3
levam,3
original,3
sentindo,3
superiores,3
dentre,3
tricolor,3
acorda,3
inacreditável,3
oferecendo,3
reaping,3
pudesse,3
longa,3
informando,3
instead,3
centavo,3
impressionada,3
apagar,3
tampa,3
coloco,3
anúncio,3
provar,3
mencionei,3
travou,3
semente,3
personalidade,3
estrangeiro,3
estados,3
multidão,3
travando,3
outubro,3
compliance,3
simulação,3
determinação,3
ñ,3
conversar,3
faith,3
erraram,3
cheia,3
reconhecer,3
público,3
sócio,3
conteúdos,3
penso,3
nesses,3
act,3
prêmio,3
decided,3
devolve,3
comparado,3
odeio,3
gráfico,3
coragem,3
gomes,3
ganhos,3
acreditem,3
banquinho,3
aguardar,3
recebemos,3
pegou,3
una,3
corte,3
governos,3
su,3
exceto,3
junho,3
gerenciamento,3
enviadas,3
ameaçando,3
avaliar,3
nove,3
cheque,3
liberado,3
f,3
ligo,3
elite,3
esposa,3
desgoverno,3
vá,3
conselho,3
loss,3
colocam,3
pediram,3
alerta,3
compradas,3
mestre,3
preocupado,3
video,3
venezuela,3
confesso,3
troque,3
rsrsrs,3
duvido,3
somatório,3
deixem,3
falo,3
vao,3
fundamental,3
fontes,3
gastando,3
advogado,3
after,3
concorrência,3
apresentou,3
regra,3
portas,3
glória,3
interpreta,3
erronea,3
prejudicam,3
encobtra,3
will,3
ineficientes,3
negrito,3
imediato,3
usem,3
neles,3
compostos,3
adiantado,3
rombo,3
master,3
cadastrar,3
impacto,3
dever,3
dr,3
modelo,3
talks,3
bola,3
agregar,3
rapaz,3
mini,3
mente,3
queriam,3
cento,3
investem,3
recarga,3
desastre,3
vencedor,3
world,3
had,3
ilimitados,3
altas,3
cuidam,3
pedro,3
sao,3
turma,3
divulga,3
trabalhando,3
idosos,3
desculpas,3
renovação,3
sofrendo,3
imposto,3
corpo,3
peço,3
li,3
mete,3
envergonhado,3
correto,3
mulheres,3
rouba,3
alertar,3
mandando,3
andei,3
carmelo,3
ricos,3
processar,3
mensal,3
constava,3
felipe,3
usado,3
oferta,3
vagabundos,3
parcerias,3
wise,3
pregão,3
consequência,3
baratella,3
caráter,3
filha,3
cancer,3
importantes,3
caminhos,3
lembrando,3
atrelado,3
acionar,3
colegas,3
boletim,3
sabedoria,3
ocorrência,3
urnas,3
but,3
convidados,3
necton,3
conquista,3
individuais,3
recebe,3
thank,3
bonito,3
very,3
way,3
would,3
cancelado,3
contraparte,3
rende,3
transformação,3
estrutura,3
instabilidades,3
acreditamos,3
citado,3
transtorno,3
buaiz,3
variante,3
wanessa,3
proteger,3
olhei,3
dragon,3
institutos,3
divididos,3
previdência,3
enquete,3
investment,3
ouve,3
loungekey,3
baixam,3
lucrar,3
modificação,3
aceitou,3
reconhece,3
ofertas,3
zoom,3
quarta,3
movimentei,3
especialista,3
físico,3
reembolsos,3
conforto,3
mudo,3
passaram,3
comentarios,3
petista,3
errada,3
comeram,3
automaticamente,3
inteiro,3
inferno,3
atrasar,3
gabriel,3
pude,3
explicou,3
retiradas,3
respostas,3
mit,3
parcelei,3
judiciais,3
medidas,3
inúmeras,3
ajude,3
familiares,3
depende,3
interno,3
fornecer,3
anualmente,3
lucrando,3
cor,3
marcar,3
negado,3
movimentações,3
preocupação,3
desculpe,3
upgrade,3
pqp,3
agilidade,3
dale,3
empreendedores,3
estimula,3
apagaram,3
pessoalmente,3
categoria,3
orgulhoso,3
recomendando,3
obra,3
flávio,3
material,3
frequência,3
organizar,3
tomam,3
decidir,3
negativado,3
pé,3
manutenção,3
custo,3
caia,3
bacen,3
considerável,3
quesito,3
insatisfeito,3
niños,3
quantas,3
volume,3
creio,3
infinite,3
millones,3
micro,3
ucrania,3
inadmissível,3
adorei,3
seis,3
colocou,3
torcendo,3
décadas,3
vinda,3
perseguindo,3
dignidade,3
corretamente,3
prejuízos,3
conjunta,3
incompetente,3
dividas,3
carona,3
humilde,3
escolha,3
adm,3
retrocesso,3
polícia,3
saw,3
lava,3
è,3
nenseeee,3
bandidos,3
travaram,3
transferido,3
comentou,3
caminho,3
gratificante,3
vindo,3
dividir,3
sistemas,3
porem,3
debitaram,3
crescendo,3
devendo,3
mata,3
pronto,3
u,3
farei,3
manipular,3
v,3
conduta,3
orientou,3
tópico,3
cabe,3
talk,3
venham,3
terminar,3
construir,3
arrependo,3
antecipei,3
cresceu,3
confiem,3
federal,3
sugiro,3
evidente,3
utilização,3
openfinance,3
compartilhamento,3
antecipar,3
feriado,3
mantei,3
início,3
filhos,3
sugestão,3
soluções,3
cancelo,3
adiantar,3
vejam,3
honesto,3
alunos,3
indústria,3
vendendo,3
kkkkkkk,3
podcast,3
partido,3
governador,3
modalidade,3
acionistas,3
sucatear,3
cinco,3
toma,3
small,3
continuará,3
assunto,3
saúde,3
curva,3
never,3
transmissão,3
automático,3
fale,3
conseguia,3
saírem,3
avião,3
lo,3
diga,3
levaram,3
ambiental,3
aai,3
than,3
reforma,3
aniversário,3
ambiente,3
tratar,3
fere,3
andre,3
pós,3
cursos,3
passam,3
postei,3
achar,3
diferentes,3
urgente,3
morte,3
china,3
fiada,3
ligado,3
americanos,3
conversando,3
abaixam,3
fera,3
atender,3
lembro,3
recomendadas,3
série,3
torcedores,3
bco,3
prometem,3
atualizações,3
club,3
políticas,3
prejudicar,3
voa,3
mentalidade,3
best,3
botar,3
vencer,3
necessidade,3
patrocinador,3
her,3
zeram,3
cnpj,3
atrasa,3
liberal,3
passe,3
café,3
tremendo,3
up,3
estranho,3
venho,3
condições,3
home,3
sonhos,3
arminha,3
foda,3
beleza,3
puro,3
negociando,3
omissão,3
mto,3
causar,3
din,3
orientações,3
making,3
ganhe,3
pensamento,3
carinho,3
expressão,3
perfis,3
julho,3
deveríamos,3
esquecer,3
mirna,3
velha,3
esquerdista,3
melhorias,3
osso,3
indicava,3
diria,3
prejudica,3
informe,3
procure,3
petistas,3
consumo,3
bloqueou,3
apto,3
quebra,3
envie,3
perguntar,2
entrevistado,2
esqueci,2
comendo,2
americano,2
politica,2
ngm,2
porcaria,2
oh,2
demitido,2
coitada,2
diminuído,2
privados,2
corrigimos,2
quê,2
usava,2
filosofia,2
ousado,2
executar,2
concluir,2
erros,2
envolvidos,2
prs,2
manteve,2
ciclofaixas,2
souza,2
equivalente,2
nun,2
desenvolvimento,2
leve,2
btc,2
iranian,2
voltando,2
voando,2
daria,2
consulta,2
aproveitem,2
estúpido,2
merecido,2
patricinha,2
busca,2
tentem,2
incomodados,2
esperei,2
administrativa,2
época,2
humano,2
preços,2
divulgada,2
chegado,2
automática,2
iremos,2
qr,2
recompensas,2
recomendava,2
tabela,2
ido,2
imprensa,2
pesquisando,2
gustavo,2
maravilha,2
tomada,2
confusos,2
negativos,2
insatisfação,2
mamata,2
independência,2
maldita,2
derrepente,2
visualmente,2
atentos,2
critica,2
concorrentes,2
apaga,2
custou,2
noel,2
btcpactual,2
informa,2
aba,2
dano,2
warren,2
tens,2
loucura,2
capaz,2
votam,2
transparente,2
alguem,2
estilo,2
tempinho,2
sequestrado,2
finalizar,2
resto,2
entao,2
fazerem,2
pagava,2
sogro,2
senão,2
inspirador,2
códigos,2
visibilidade,2
consistência,2
tomado,2
damos,2
interna,2
ensinou,2
perfeita,2
admiração,2
recomendam,2
preto,2
amigas,2
slogan,2
mesmas,2
story,2
acreditou,2
going,2
tomadas,2
give,2
reuniões,2
canalhas,2
identificar,2
garantir,2
fazia,2
piores,2
estabelecimento,2
portfólio,2
representa,2
permiti,2
analfabeto,2
questionando,2
indica,2
sensato,2
constantemente,2
startup,2
participam,2
bostas,2
trading,2
cortou,2
receberam,2
necessários,2
segundos,2
go,2
esquece,2
colocado,2
mudei,2
subiu,2
alcançadas,2
irresponsabilidade,2
marcando,2
comparar,2
surgindo,2
atualmente,2
sumir,2
projetos,2
lendo,2
tmb,2
acreditarem,2
utilizando,2
saia,2
receba,2
adicionar,2
local,2
salario,2
faziam,2
gostar,2
recente,2
neve,2
numero,2
ensina,2
conseguiam,2
soltar,2
diferenciada,2
imóveis,2
privilégio,2
conhece,2
corretor,2
reunião,2
utilizam,2
audi,2
amado,2
estudo,2
santinha,2
nascer,2
usou,2
arriscada,2
caos,2
ótica,2
limpa,2
iniciar,2
cortar,2
bebe,2
interessados,2
tera,2
pararem,2
borges,2
falsas,2
fórmula,2
reinvestir,2
gato,2
modo,2
postar,2
explicado,2
conjunto,2
efetivar,2
paraquedista,2
transação,2
retornam,2
cvm,2
prestes,2
dou,2
tornado,2
áreas,2
ambos,2
recorrer,2
econômico,2
prognóstico,2
encomendada,2
reflete,2
nega,2
seres,2
condiz,2
economizar,2
sucedido,2
mantenha,2
direção,2
riscos,2
contratado,2
depositado,2
tchau,2
antecipadas,2
apagando,2
ídolo,2
blá,2
invadam,2
extra,2
atividade,2
alternativa,2
adoraria,2
inventando,2
transparentes,2
rápida,2
velho,2
baixaria,2
vínculo,2
científico,2
crescente,2
formado,2
add,2
usuário,2
meios,2
reduzidos,2
inadimplência,2
critério,2
bdrs,2
atrapalhando,2
imaginei,2
comercio,2
criptomonedas,2
mucho,2
rentable,2
cuando,2
administrador,2
cuenta,2
gano,2
reflorestamento,2
tremenda,2
jogando,2
amargamente,2
arrepende,2
comentei,2
monstro,2
esperaba,2
mis,2
duro,2
primeros,2
siete,2
pib,2
afirma,2
economistas,2
acreditando,2
comprando,2
frustração,2
prioridade,2
bla,2
facilmente,2
ruína,2
edição,2
determinar,2
fintech,2
utilizei,2
jurídica,2
lançado,2
diretamente,2
seguem,2
saibam,2
nobel,2
mst,2
days,2
produção,2
desmatamento,2
desenvolver,2
sexto,2
quinto,2
mentiras,2
orgulhosa,2
garmin,2
amam,2
chefe,2
excelência,2
fazermos,2
correntista,2
torno,2
achando,2
tou,2
vamosssss,2
combustível,2
briga,2
contando,2
jato,2
discrimina,2
apontam,2
jogou,2
dava,2
janet,2
loucos,2
jackson,2
marquei,2
recomendaria,2
investigar,2
visualização,2
queira,2
importância,2
loez,2
permite,2
lamenta,2
querido,2
representam,2
pesquisar,2
ideal,2
g,2
poderá,2
bank,2
apareçam,2
paguem,2
mudado,2
opte,2
descontaram,2
alíquota,2
atualidade,2
objetivos,2
marido,2
adeus,2
divida,2
dolar,2
recomendar,2
alinhadas,2
conseguimos,2
professor,2
preferência,2
imprevistos,2
engano,2
conquistas,2
opero,2
namoral,2
instalar,2
anunciando,2
aconselhamento,2
impulsionar,2
relevantes,2
amplia,2
trabalhos,2
relato,2
derrotado,2
agenda,2
indiquem,2
cumprem,2
disponibilidade,2
lcas,2
migrei,2
existir,2
deem,2
normalmente,2
alfa,2
diversificação,2
fruto,2
contem,2
haverá,2
senti,2
administram,2
importam,2
financeiros,2
solicito,2
favorito,2
kķkkk,2
nine,2
mostram,2
verificarem,2
destruição,2
apresentar,2
ataque,2
faltam,2
tú,2
compulsória,2
hesitaria,2
termo,2
és,2
tamanho,2
veja,2
especialmente,2
comprei,2
pnc,2
argentina,2
vivi,2
captar,2
estabilidade,2
días,2
escuro,2
eleitorais,2
ingênuo,2
misericórdia,2
competitivo,2
estarão,2
certas,2
conversão,2
cargo,2
pros,2
negaram,2
pequenos,2
saindo,2
cogna,2
moça,2
assistência,2
fluuuuuu,2
reembolsado,2
debitado,2
vivem,2
milhoes,2
arrasou,2
devia,2
lead,2
leads,2
continuem,2
neo,2
tornei,2
transferindo,2
loungkey,2
destino,2
tentativa,2
reduções,2
ignorar,2
coloque,2
michele,2
ra,2
percebo,2
zerou,2
pass,2
modal,2
julgam,2
comportamento,2
planta,2
botou,2
profundidade,2
separado,2
seguradora,2
vinculada,2
liberação,2
novidade,2
moral,2
recessão,2
justifica,2
habilitar,2
exclusiva,2
sonhar,2
grosseiramente,2
kara,2
pisicanalise,2
comprometimento,2
terras,2
esperamos,2
obs,2
estimação,2
dado,2
pares,2
ca,2
brasileira,2
amiga,2
sensação,2
fakes,2
comparação,2
reclama,2
complexo,2
extrato,2
formato,2
antecipação,2
zerando,2
expor,2
moeda,2
viver,2
compor,2
escutar,2
citou,2
refazer,2
reset,2
ajudo,2
toa,2
parcela,2
manipulação,2
construção,2
jeremy,2
começaram,2
focar,2
administradas,2
dependendo,2
indicado,2
exijam,2
melhorem,2
coloquem,2
apostar,2
tranquila,2
optei,2
normalizou,2
quilombo,2
volto,2
espírito,2
mudaria,2
aumentos,2
deja,2
específico,2
envia,2
próxima,2
rios,2
visualizar,2
agradece,2
hahaha,2
sinais,2
defendendo,2
conglomerados,2
populacional,2
votarei,2
levarmos,2
comecem,2
afinal,2
queda,2
ciclo,2
grata,2
olhos,2
honestamente,2
gerentes,2
becky,2
ligou,2
is,2
adora,2
workshop,2
negociación,2
vdd,2
recibí,2
divulgarem,2
éxito,2
procedimentos,2
cadastrei,2
billetera,2
razoável,2
próximas,2
sites,2
retendo,2
muy,2
emocionado,2
esquerdistas,2
gustaría,2
unirme,2
contactar,2
leo,2
horror,2
christopher,2
enorme,2
chatac,2
adicionarem,2
vs,2
genesis,2
encher,2
moedas,2
correta,2
socialista,2
ruins,2
índice,2
greenwashing,2
comemorar,2
tarifa,2
aplaudido,2
comuna,2
varias,2
curtir,2
discussão,2
times,2
vantagem,2
encerramento,2
removeram,2
milhas,2
interessa,2
técnicas,2
beneficiando,2
contratando,2
intermitência,2
fortes,2
simplifique,2
jogar,2
operadora,2
dúzia,2
entendam,2
trimestre,2
crimes,2
decepções,2
covid,2
testes,2
jaja,2
provas,2
comunicar,2
caps,2
estude,2
brilhante,2
impressionante,2
deseja,2
aliás,2
onda,2
ti,2
roubalheira,2
secreto,2
benéfico,2
souber,2
eventualmente,2
cês,2
relatar,2
impostos,2
cadastrada,2
travar,2
cumpre,2
jair,2
escola,2
quadrilha,2
direi,2
andas,2
abraços,2
recepção,2
fantástica,2
escolhem,2
babaca,2
causadas,2
prestou,2
salvar,2
verificação,2
escolhas,2
iti,2
primeiramente,2
enxerga,2
roubando,2
felizes,2
cortam,2
pronta,2
rasteira,2
mobiliar,2
esquema,2
colhendo,2
frutos,2
estarmos,2
cannabis,2
apoiadores,2
revista,2
incontáveis,2
guardando,2
publicação,2
largar,2
crítica,2
acredite,2
farinha,2
permitir,2
casamento,2
devolva,2
baixei,2
desrespeitosa,2
organizada,2
leio,2
proteção,2
fizemos,2
define,2
falava,2
popular,2
metodologia,2
salvo,2
sorrir,2
exercendo,2
elogiar,2
priorizar,2
pendência,2
cuida,2
caderneta,2
câncer,2
faria,2
justa,2
cancela,2
precisaria,2
topp,2
relativas,2
dê,2
residência,2
gasta,2
convido,2
lida,2
lucrativa,2
escolares,2
convidando,2
ansiosamente,2
marcus,2
empresários,2
diminuem,2
faturando,2
negativar,2
when,2
coletivo,2
endividado,2
histórias,2
indicarei,2
adiantou,2
chamaram,2
guardar,2
visita,2
pensam,2
bate,2
abertas,2
fizer,2
trocador,2
candidatos,2
conhecem,2
zeraram,2
troco,2
dragonpass,2
mentor,2
b,2
km,2
branco,2
telefones,2
cuidando,2
milagre,2
depender,2
culpado,2
seleção,2
dada,2
respondido,2
entendem,2
resgatar,2
stories,2
nobre,2
conhecia,2
quebvcs,2
carro,2
fevereiro,2
contratados,2
pouca,2
aprisionado,2
desbloqueado,2
mrs,2
ein,2
und,2
lixo,2
back,2
inteligente,2
compartilhando,2
desejo,2
acordou,2
ultima,2
arthur,2
arriscado,2
consultado,2
corra,2
países,2
garanto,2
sul,2
preparado,2
queiroz,2
pr,2
contatei,2
lidar,2
serasa,2
lulinha,2
potência,2
transformar,2
aceitável,2
encontrou,2
sangue,2
cujo,2
aplico,2
primeiros,2
quinta,2
janeiro,2
boicotar,2
neoliberal,2
mes,2
programas,2
pensão,2
cry,2
respondam,2
dai,2
pesquisem,2
tornaram,2
comer,2
kd,2
puderem,2
motivos,2
apoiou,2
pacientes,2
prisão,2
formulário,2
orientar,2
imobiliário,2
calcular,2
resumo,2
page,2
michael,2
jovens,2
ativado,2
união,2
ve,2
presença,2
can,2
golpistas,2
quebrar,2
know,2
saiam,2
protocolos,2
convidar,2
daquela,2
quantidade,2
rlp,2
recebem,2
lesadas,2
sujeira,2
ficaram,2
imagens,2
desligaram,2
testei,2
vemos,2
acionei,2
tbem,2
reembolsaram,2
atrasou,2
meter,2
liderança,2
operacional,2
porto,2
win,2
qualidades,2
patifaria,2
shopee,2
salve,2
direitinho,2
ofício,2
prioriza,2
destas,2
pray,2
falência,2
get,2
mc,2
isento,2
recognition,2
atualizar,2
arrumar,2
efforts,2
souls,2
yours,2
better,2
blessings,2
want,2
say,2
big,2
ms,2
mensalidades,2
its,2
flamengo,2
paid,2
confia,2
emocional,2
folha,2
batendo,2
investiria,2
porta,2
alheio,2
mercados,2
let,2
avisado,2
empreendedorismo,2
simone,2
rendendo,2
auxiliar,2
fgts,2
lascar,2
pateta,2
imóvel,2
share,2
nestes,2
verificaram,2
amablack,2
pergunto,2
fluuuu,2
á,2
cortados,2
lógica,2
contragimento,2
atendimentos,2
vizinhos,2
sincero,2
controles,2
campinas,2
passssei,2
mano,2
caio,2
pronunciar,2
citados,2
receita,2
escorre,2
enviamos,2
afim,2
become,2
desnecessário,2
seguinte,2
respondeu,2
globo,2
tratamento,2
conquistar,2
princípios,2
aparecem,2
toque,2
tahan,2
pré,2
surpreendeu,2
desinstalar,2
avenue,2
quebrando,2
dificil,2
comandos,2
marçal,2
barato,2
familia,2
alegam,2
disponibilizado,2
gostam,2
querida,2
ethereum,2
fomentar,2
devolvido,2
imagino,2
desempenho,2
agindo,2
chorar,2
perdemos,2
sol,2
youtube,2
chamam,2
prima,2
cotação,2
desativaram,2
aplicado,2
esposo,2
membros,2
tendenciosas,2
constitui,2
jornalista,2
retornou,2
hecho,2
invested,2
oposto,2
constrangida,2
dollars,2
return,2
enviados,2
retornos,2
jornalismo,2
moda,2
noivo,2
gratuitas,2
menina,2
vitórias,2
voltamos,2
adequados,2
alcance,2
liberem,2
postagens,2
favorecido,2
compromissos,2
fmp,2
promoções,2
vivendo,2
ligam,2
platform,2
possuem,2
talento,2
pretendo,2
investirem,2
changed,2
life,2
play,2
enjoy,2
acabam,2
probabilidade,2
status,2
saí,2
cilada,2
about,2
hahahaha,2
privilege,2
jogam,2
cancelam,2
shows,2
bolo,2
ungrateful,2
prestam,2
because,2
braço,2
questões,2
insulto,2
breakthrough,2
deparei,2
situações,2
trabalhista,2
assinatura,2
pediu,2
acabado,2
desculpa,2
trabalhei,2
patrocínio,2
amava,2
pertence,2
contatos,2
esfera,2
departamento,2
chupa,2
escolhe,2
relatos,2
dez,2
independente,2
rato,2
brancos,2
influenciando,2
oscilações,2
acaso,2
põem,2
analisar,2
lei,2
viajando,2
pobre,2
morrer,2
compactua,2
tv,2
topo,2
camisa,2
paiffer,2
ola,2
digno,2
malditos,2
dória,2
joão,2
voltei,2
disponibilizar,2
águas,2
chamados,2
bastasse,2
molusco,2
bugs,2
perdem,2
apontavam,2
mientras,2
opiniões,2
apreciação,2
cheios,2
classe,2
habían,2
mostrará,2
repensar,2
voltou,2
ingrato,2
expressar,2
descaradamente,2
atualizarem,2
cenários,2
finance,2
personas,2
companheiros,2
continúan,2
utilizado,2
firme,2
anterior,2
posted,2
recommendations,2
mail,2
derrota,2
amoooor,2
swing,2
dobro,2
paz,2
apreciei,2
retirando,2
emitir,2
aumentaram,2
disponíveis,2
concurso,2
capacidade,2
cc,2
qdo,2
kinvo,2
essencial,2
del,2
dizia,2
pró,2
avisa,2
humanitarias,2
dont,2
lose,2
estirpe,2
recargas,2
sorrisos,2
avante,2
incertezas,2
ficarem,2
ignorância,2
turismo,2
artigo,2
defesa,2
próximos,2
convencido,2
trajetória,2
abençoar,2
heim,2
rostos,2
unirse,2
roi,2
denunciar,2
enganando,2
entregam,2
levado,2
superior,2
criança,2
princípio,2
escrito,2
básico,2
encerra,2
arrepender,2
enlace,2
puede,2
jogaram,2
po,2
entro,2
sujo,2
maltrata,2
lançar,2
melhorando,2
queridinho,2
beijo,2
cripto,2
comunidade,2
son,2
únase,2
inversión,2
donde,2
sus,2
compensação,2
confiable,2
pô,2
ahorrar,2
obtener,2
deje,2
mantenga,2
asociación,2
dito,2
dinero,2
pueden,2
ganancias,2
fundamentalistas,2
administração,2
raiz,2
ataques,2
melhorada,2
doce,2
ouvimos,2
iam,2
causando,2
exigir,2
aceitar,2
entrando,2
código,2
tirem,2
colocarem,2
vermelha,2
dps,2
merecem,2
greatest,2
marginais,2
setor,2
dormindo,2
jornal,2
financeiras,2
virando,2
cambada,2
sobra,2
centro,2
suportar,1
descobrir,1
garanti,1
ambas,1
malefícios,1
avaliem,1
homenagem,1
certíssimo,1
laia,1
naveguei,1
incentivar,1
reciprocidade,1
plantas,1
absurdos,1
mapa,1
naval,1
inutilidade,1
convosco,1
ligando,1
vivos,1
larga,1
votamos,1
retornaria,1
cumprir,1
restrição,1
prazos,1
cativar,1
amenizar,1
aspectos,1
constância,1
aprimorado,1
gestor,1
cumpram,1
responsivo,1
praticando,1
cobrem,1
optar,1
honrado,1
proteja,1
metiam,1
volátil,1
aaaahhh,1
extrema,1
simplificar,1
abrupto,1
corria,1
aguenta,1
desaquecer,1
desacelera,1
boicote,1
retrovisor,1
nuncaaa,1
retrair,1
permanece,1
vendedor,1
acertei,1
exigindo,1
aprovou,1
seguiu,1
todoss,1
indignados,1
professores,1
entregue,1
acordei,1
corrigiu,1
viuu,1
despesas,1
ptralhada,1
choque,1
dindin,1
luxo,1
pera,1
alem,1
reemissão,1
solta,1
justo,1
realizando,1
baixarem,1
lixooo,1
ipca,1
acertar,1
interior,1
boatos,1
pesquisinha,1
desemprego,1
lua,1
usufruía,1
azeitona,1
kkkkkkkkkkkkk,1
arranca,1
chateado,1
cama,1
cegueira,1
cuja,1
tidos,1
publicaram,1
debocham,1
devolveu,1
causou,1
desestimula,1
desaquece,1
expulso,1
fria,1
endereços,1
condizem,1
reduzam,1
recorrente,1
errarem,1
abaixe,1
correm,1
entendeu,1
bilhão,1
reflexões,1
maiiiis,1
desenvolvermos,1
raciocínio,1
perfume,1
piso,1
montanhas,1
estacione,1
emissão,1
atravessar,1
corporativos,1
arriverdeci,1
carajo,1
motiva,1
elegante,1
direcionarmos,1
thiago,1
kalil,1
bh,1
cabimento,1
utilizarei,1
abrirei,1
irrelevante,1
confusão,1
lago,1
demaaais,1
recorrendo,1
correndo,1
negligenciadas,1
aquece,1
subirem,1
públicos,1
negro,1
diamante,1
brilha,1
teoria,1
imprimir,1
inveja,1
desenvolvido,1
morram,1
chocolates,1
valsa,1
delicadeza,1
esperado,1
federais,1
pétalas,1
físicas,1
pele,1
macias,1
aprove,1
serenata,1
youtubers,1
turbulentos,1
destampando,1
insere,1
empregadas,1
cogitando,1
teto,1
baratos,1
entidade,1
aplicaria,1
dizemos,1
aquecimento,1
amizade,1
preferindo,1
inevitavelmente,1
contraindo,1
cheiro,1
precisarão,1
honrar,1
foguetinho,1
copom,1
fluuuuuuuuu,1
encantadora,1
nenssseeee,1
desisto,1
compro,1
bonitas,1
baseada,1
fundador,1
palestras,1
tradersclub,1
achávamos,1
clientela,1
escândalo,1
popularidade,1
hgouvesse,1
possuam,1
sofia,1
aposentadoria,1
adicionaram,1
vigor,1
atenda,1
memorias,1
definitiva,1
extornar,1
relevância,1
engana,1
fúria,1
ponta,1
linde,1
destampa,1
convencidos,1
caindo,1
americana,1
inimigos,1
aproveitando,1
norte,1
gata,1
vieram,1
delícia,1
movimentado,1
lutar,1
pecado,1
futuros,1
nenseeeeeee,1
semelhantes,1
arrasta,1
correntistas,1
forasteiro,1
sjcampos,1
éapoiador,1
procurarem,1
porra,1
observei,1
crakeiros,1
ansiosa,1
mentindo,1
férreas,1
prova,1
desestatização,1
rodei,1
flls,1
estareeeeeiiiiii,1
concentrada,1
devemos,1
cntg,1
campeões,1
alugado,1
sobe,1
comparada,1
lasquem,1
sinalize,1
remunere,1
colo,1
valiosa,1
adotem,1
intuição,1
argumentações,1
prelúdio,1
militância,1
cunhado,1
repensando,1
cíclicos,1
nascimento,1
cancele,1
escritura,1
descer,1
noroeste,1
brasília,1
aparenta,1
lógo,1
pareça,1
associada,1
participaram,1
desfaçatez,1
caminhada,1
procurem,1
preparadas,1
notificam,1
flusão,1
bancam,1
excluíram,1
jatinho,1
magnífica,1
ambiciosas,1
conversarmos,1
comprado,1
ressarcimento,1
itub,1
andaram,1
pisa,1
pisasse,1
nojento,1
juntaria,1
carai,1
repeti,1
baixado,1
encheu,1
expressivos,1
vendido,1
akakakkakakaka,1
veemmmmmmmm,1
transferiram,1
permanecer,1
swingtrade,1
misturados,1
economista,1
caem,1
prendeu,1
transferiu,1
irmao,1
geraria,1
legítimas,1
buzz,1
simbora,1
prósperidade,1
nanico,1
quanta,1
branca,1
afff,1
bocó,1
obgda,1
preste,1
completar,1
ouvido,1
porte,1
pre,1
bcs,1
marcação,1
crypto,1
tiiii,1
evelyn,1
cupins,1
zoha,1
demonstrar,1
sofisa,1
vlzws,1
luc,1
vindos,1
cm,1
plantar,1
coerentes,1
chacota,1
podiam,1
prático,1
agradável,1
poderemos,1
imediatamente,1
divulgação,1
afundando,1
formigas,1
cut,1
off,1
decolarrr,1
accessing,1
any,1
channel,1
using,1
legalizar,1
integralmente,1
textao,1
senhores,1
excedeu,1
encantar,1
abreu,1
apresente,1
atriz,1
pioneira,1
anjo,1
artistas,1
consolidar,1
opa,1
conhecereis,1
transforma,1
corretas,1
dinheir,1
respodem,1
probelma,1
tocantins,1
agência,1
tombamento,1
tributária,1
enviam,1
carga,1
incetivo,1
cadastramento,1
troço,1
escaneia,1
affff,1
contigo,1
caminhar,1
campanhas,1
investing,1
portal,1
update,1
descontinuou,1
noticia,1
tickets,1
sacaneou,1
descrescente,1
beneficiam,1
prometo,1
enquadrar,1
fiscaliza,1
enganosas,1
compartilho,1
inatingível,1
prove,1
sacada,1
levei,1
malandragem,1
hahahahahah,1
incerramento,1
aposto,1
financiando,1
antecipada,1
sujeitos,1
canadá,1
value,1
banda,1
curiosidade,1
cumulo,1
poço,1
viagens,1
insencao,1
iran,1
universo,1
únicas,1
interessam,1
guarda,1
again,1
contraditório,1
exist,1
emplacar,1
bozo,1
ganancioso,1
acobertar,1
minuto,1
transmitem,1
touro,1
kkkkkkkkkkkkkkkkkkkkkkkkkkkkkkkkkkkk,1
paralelas,1
correspondem,1
traderevolution,1
dennesmatias,1
pendurando,1
bandeirinhas,1
certificado,1
indenizatória,1
broker,1
insatisfeitos,1
públicas,1
cofres,1
biodiversidade,1
biomas,1
publicidade,1
precisaríamos,1
inimiga,1
atribuindo,1
antecipou,1
taxados,1
aprova,1
queimando,1
votem,1
pesado,1
consultor,1
tarefa,1
remarem,1
migrem,1
achievement,1
cebaci,1
abriram,1
partes,1
paralela,1
prós,1
autenticação,1
permaneça,1
sérias,1
envergonhados,1
beija,1
isoladas,1
desejei,1
notificações,1
acordar,1
pagarei,1
influenciadores,1
renegociar,1
fraudulento,1
ganharei,1
microempreendedores,1
luan,1
endividar,1
bi,1
criando,1
forneceu,1
camila,1
executivo,1
ministério,1
boiada,1
legislação,1
congresso,1
ruralistas,1
apóiam,1
pl,1
atitudes,1
cobrará,1
women,1
existirá,1
largam,1
suspeitas,1
we,1
chaotic,1
scenario,1
mimo,1
máfia,1
molusgo,1
relaxar,1
disto,1
maliciosamente,1
derrubando,1
valem,1
trabalhistas,1
forum,1
engordou,1
solícito,1
eficaz,1
centralizada,1
utiliza,1
tropa,1
tomamos,1
contagem,1
desprovido,1
boraaaaa,1
tánto,1
emergência,1
interessaria,1
criminal,1
elect,1
helped,1
ahahahaha,1
finalizado,1
existisse,1
máquina,1
assumiram,1
deviam,1
reembolsar,1
funcionamento,1
explicações,1
homebroker,1
antigas,1
bomba,1
largarem,1
tag,1
marcado,1
operacoes,1
computadores,1
perguntou,1
plaforma,1
ahammm,1
habitantes,1
excluído,1
lied,1
clients,1
mkt,1
foreign,1
conveniência,1
revoltada,1
alocado,1
kakakakakakaka,1
inicialização,1
normalizado,1
bjs,1
excluindo,1
creditado,1
errou,1
patrocinarem,1
jus,1
sábias,1
bjbj,1
equacionada,1
ouviu,1
arrasar,1
parlamentar,1
hospício,1
presídio,1
funcionar,1
ligaram,1
eletrobrás,1
fpu,1
ten,1
botando,1
carbon,1
rezem,1
atambom,1
brg,1
incomparáveis,1
atualizando,1
estória,1
dfdgsdf,1
considero,1
asco,1
desculpem,1
blindado,1
sirva,1
suspeita,1
ums,1
desmatar,1
hectares,1
cerrado,1
fajuta,1
ajudam,1
freguesia,1
pensamentos,1
comentam,1
velo,1
assuntos,1
tenhe,1
indignação,1
concretizar,1
dezembro,1
receberá,1
emprestar,1
encaixe,1
conduzindo,1
liquidação,1
inteira,1
ajudava,1
cielo,1
semdo,1
boleto,1
corter,1
ajeita,1
localizar,1
mínimos,1
fotos,1
grosseiro,1
silencio,1
administradores,1
pobres,1
kkmkkk,1
eita,1
naoa,1
grossas,1
forcada,1
feed,1
piadistas,1
acionista,1
solidário,1
sortudo,1
estabeleça,1
aceitando,1
aproveite,1
ocorrido,1
indique,1
mobilir,1
tomei,1
vagabunda,1
comentaram,1
atendeu,1
parecia,1
encerrou,1
somado,1
otto,1
contribuição,1
preparo,1
confiaveis,1
macro,1
conceder,1
bloqueando,1
texto,1
ficouu,1
meninaaa,1
empurram,1
tranferir,1
brigando,1
partindo,1
mds,1
talentoso,1
veloe,1
seguida,1
solidez,1
solucionada,1
libertar,1
diante,1
buffet,1
retirados,1
impunidade,1
informados,1
ohh,1
acreditam,1
magazine,1
coelhinho,1
páscoa,1
táa,1
alôôô,1
manipulando,1
manifestar,1
parabenizo,1
veículo,1
garantindo,1
assumem,1
embarcar,1
vendi,1
motorista,1
isentões,1
punidos,1
defendiam,1
utilizem,1
davam,1
torcer,1
aplaudir,1
distruindo,1
demorar,1
documentação,1
possuía,1
eai,1
explorar,1
amplamente,1
riqueza,1
daqueles,1
minh,1
destruíram,1
abençoados,1
babado,1
mico,1
gte,1
realizam,1
meirelles,1
concelho,1
vossas,1
vossos,1
falhou,1
entrará,1
externo,1
gain,1
deis,1
enventam,1
envios,1
dispara,1
manipulações,1
fernandinho,1
chapéu,1
lançamentos,1
curti,1
qrcode,1
solicitações,1
fações,1
sentidos,1
posicao,1
imunda,1
vermos,1
bairro,1
procurarmos,1
ciclista,1
raddard,1
vizualizaçar,1
porcentagem,1
prepararmos,1
diaaa,1
mexendo,1
percebido,1
diferenciado,1
resolverem,1
depôs,1
bala,1
limitaram,1
excedi,1
viram,1
rapido,1
assustador,1
exercício,1
sarou,1
ressaca,1
fraca,1
lkkk,1
troquei,1
identidade,1
arrependi,1
decidido,1
hostilizado,1
vivia,1
retiram,1
sobrou,1
sobrar,1
créditos,1
deserção,1
aguns,1
prêmios,1
matam,1
money,1
aiiii,1
recebida,1
condizentes,1
compartilham,1
fluzaun,1
encerrarem,1
banca,1
furtou,1
centavos,1
login,1
celulares,1
uni,1
lider,1
ponho,1
derivados,1
pleno,1
cancelou,1
garoto,1
tratativas,1
receberem,1
prejudicado,1
jabdesde,1
seguran,1
príncipe,1
desbloqueada,1
judiacial,1
cobtabestar,1
barras,1
leitor,1
naobse,1
tina,1
seleflu,1
falhando,1
meleca,1
pouquinho,1
níveis,1
salariais,1
maipriandos,1
escolhendo,1
isolada,1
destruir,1
abraçaram,1
conflitos,1
obviamente,1
atuando,1
burocracia,1
desbloqueasse,1
alôooooo,1
aprisionando,1
copia,1
cadastra,1
derrotas,1
liberalzinhos,1
harvey,1
irresponsávveis,1
politicagem,1
patriciasfx,1
recuperaram,1
palpite,1
nuss,1
recompensa,1
investiram,1
hospital,1
experimentar,1
wow,1
inspirar,1
brilhantes,1
asfaltar,1
xd,1
galã,1
assisto,1
palanque,1
segmento,1
centrão,1
performance,1
proxima,1
cartoes,1
responda,1
clearing,1
imortal,1
visível,1
jaque,1
defender,1
orientada,1
corretagens,1
arrecem,1
dificuldando,1
aprovam,1
analisam,1
anunciado,1
responderem,1
tardar,1
mesmooooo,1
enganosaaaaaaa,1
abaixar,1
dependentes,1
justifique,1
necessidades,1
adequa,1
lixooooo,1
elogiei,1
merdaaaaaaq,1
lixoooo,1
presas,1
gravei,1
participo,1
emocionante,1
usuária,1
tratados,1
sacando,1
tais,1
boto,1
inocente,1
carros,1
agricultor,1
mercadoria,1
medíocres,1
miséria,1
taxar,1
encerraram,1
giovanna,1
invasores,1
abortistas,1
inviabiliza,1
talves,1
melhoren,1
daytrade,1
valorizo,1
competir,1
identifico,1
seriedade,1
pingado,1
financia,1
acerca,1
tratou,1
indecisas,1
tentam,1
afetados,1
pssara,1
inclinado,1
diarios,1
parace,1
colega,1
inserido,1
est,1
iniciativas,1
soltou,1
precisavam,1
ditamento,1
reunidos,1
descartados,1
mentirosa,1
perderão,1
pagasse,1
careful,1
gravíssimo,1
qta,1
editar,1
faixa,1
hey,1
achae,1
filtros,1
enrolando,1
relacionada,1
garimpar,1
madrugando,1
antecedência,1
considera,1
macho,1
protegido,1
mencionou,1
exemplar,1
comenta,1
desnaturada,1
requer,1
protegendo,1
cairão,1
privada,1
pensou,1
aventuras,1
triplicar,1
radiantes,1
fraco,1
merecedora,1
preenchi,1
lho,1
saaaaa,1
preencher,1
abrirá,1
câmera,1
fluzaaao,1
assinar,1
conclusão,1
gostoso,1
portugal,1
consultoria,1
risada,1
acontecido,1
bancar,1
betano,1
contrapartes,1
atuar,1
gaste,1
desconfiado,1
ridícula,1
feche,1
protestou,1
explicam,1
ganhava,1
extremo,1
nárnia,1
brincando,1
gorda,1
duvidar,1
midias,1
alo,1
bilionarios,1
etf,1
apontando,1
ressarciram,1
várzea,1
promovida,1
retrasada,1
mereço,1
enganar,1
vdade,1
pastel,1
movimenta,1
cuidadoso,1
hahag,1
perna,1
negam,1
hr,1
alugados,1
bicho,1
instituto,1
abomino,1
perde,1
telegram,1
correspondente,1
corridas,1
começarem,1
definido,1
migrado,1
cerbasi,1
desapontado,1
solucionam,1
pareceu,1
elegibilidade,1
rasgação,1
sentimento,1
move,1
preparar,1
valioso,1
elegível,1
acrescentaria,1
cheguei,1
propósito,1
arabela,1
presenciais,1
imensa,1
automobilismo,1
servidor,1
estruturas,1
publicador,1
possuindo,1
fluuuuuuuu,1
porsches,1
embalado,1
riscando,1
arena,1
autônomos,1
agentes,1
ferrar,1
caí,1
achava,1
fatos,1
apensar,1
elon,1
assinado,1
hahahahha,1
ajudinha,1
tirado,1
fds,1
estag,1
seguintes,1
substituição,1
indevido,1
sensíveis,1
influência,1
geraldo,1
alckmin,1
nenseeeeee,1
graphico,1
fluminensr,1
acessam,1
propôs,1
afeta,1
bestas,1
ajudaria,1
coach,1
marmelada,1
lallaugnol,1
propina,1
científica,1
validade,1
acesse,1
formas,1
gadominion,1
típico,1
reformas,1
incluir,1
prepare,1
cansam,1
mandado,1
fantoche,1
homer,1
bronker,1
despreparada,1
oj,1
impedia,1
cansei,1
fc,1
melhorariam,1
embaixadora,1
brickell,1
fluxo,1
clonaram,1
ag,1
avisando,1
esperam,1
saberem,1
escrevem,1
cupando,1
retirou,1
isolado,1
achou,1
possivelmente,1
numbak,1
bps,1
importações,1
acontecem,1
comentado,1
bagunçar,1
promessas,1
quitar,1
ligadas,1
senador,1
parceladas,1
abusado,1
roda,1
bilionários,1
recado,1
forbes,1
jorge,1
ficalize,1
cancelaram,1
irmãos,1
reportagens,1
provedora,1
vivemos,1
conferida,1
paralelo,1
atrasos,1
despreparado,1
alianças,1
mantenho,1
argumenta,1
requisitos,1
existiria,1
desce,1
político,1
mundooooo,1
migro,1
inspirou,1
informem,1
sofreram,1
sistêmico,1
estaca,1
veem,1
adicional,1
puxando,1
haviam,1
corda,1
nunbak,1
alterou,1
endossam,1
tornando,1
detonando,1
consumir,1
anuncia,1
aumentando,1
precarização,1
elegeu,1
faltava,1
motor,1
mentalid,1
governa,1
esqueça,1
piadista,1
sozinho,1
emily,1
negociasse,1
ego,1
ladrao,1
incentivadores,1
enganam,1
ficaremos,1
chamando,1
sairá,1
mt,1
empreendimento,1
futuramente,1
trará,1
ansiosos,1
iguatemi,1
falácias,1
produtividade,1
escalada,1
relatando,1
leilão,1
machado,1
escritor,1
debochava,1
naquela,1
lucram,1
comprinhas,1
assustadora,1
criado,1
próprios,1
desconexão,1
astronômicos,1
chão,1
frota,1
senadores,1
deputados,1
colher,1
barulho,1
mao,1
deteriora,1
confiando,1
comércio,1
varejista,1
adotando,1
dogma,1
pratica,1
luanda,1
afundou,1
incomparável,1
financeir,1
brasiloficial,1
volte,1
unidos,1
bloqueei,1
redigir,1
bloquear,1
ffc,1
rj,1
prejudicou,1
macu,1
parcelar,1
destacado,1
anúncios,1
somarmos,1
chuta,1
porcentagens,1
dará,1
use,1
viável,1
falassem,1
guardem,1
analisada,1
sera,1
nomad,1
internacionais,1
gbr,1
densidade,1
proporcional,1
disser,1
nadar,1
faruras,1
assustei,1
parcelamento,1
responsabilização,1
roubo,1
mencionaram,1
queridas,1
vaga,1
empenho,1
saquearam,1
nadaram,1
uhuuuul,1
mapearam,1
crtza,1
bobos,1
braços,1
abertos,1
fechem,1
irresponsável,1
mortos,1
ajudado,1
adesivo,1
responsabilizar,1
desmonte,1
saqueamento,1
urgentemente,1
retém,1
detrimento,1
demandas,1
contamos,1
pontuam,1
adversário,1
presidenre,1
vendendor,1
comprovado,1
possíveis,1
investigado,1
neon,1
assalto,1
incentiva,1
vabagundo,1
chame,1
atendida,1
empáticas,1
focadas,1
cá,1
enfim,1
teem,1
consultar,1
inscrita,1
normally,1
comment,1
mens,1
felt,1
compelled,1
thousands,1
benefited,1
generosity,1
neymar,1
contrata,1
one,1
prol,1
solicitando,1
pão,1
ficarei,1
compramos,1
portando,1
carne,1
pm,1
cortes,1
vieses,1
comida,1
mandados,1
alienado,1
memorável,1
preparou,1
conserta,1
parabénnnns,1
saio,1
gostado,1
oferecimento,1
esqueceram,1
desenvolvedores,1
uhulllllll,1
levantei,1
engonosa,1
enganem,1
restituir,1
depósitos,1
funcionalidade,1
exigido,1
pompa,1
estatização,1
reposta,1
precious,1
sofá,1
agrícola,1
fáceis,1
acessíveis,1
desafiando,1
faco,1
humanos,1
solucao,1
melhoras,1
acrescenta,1
presente,1
métodos,1
representar,1
inovação,1
especialistas,1
multiplicadas,1
março,1
agradeçamos,1
diversidade,1
pacutal,1
rentabilidades,1
organizarmos,1
rendem,1
glorificado,1
oramos,1
juntas,1
consigam,1
acabo,1
elevados,1
ideias,1
remunerada,1
organizações,1
tank,1
constam,1
shark,1
qt,1
utilizações,1
constando,1
marcuz,1
carol,1
incentivada,1
entretanto,1
desenvolvida,1
escolhida,1
tecnológico,1
afirmo,1
haahhaha,1
redor,1
oferecido,1
inventivos,1
amei,1
equilíbrio,1
zanlorenzi,1
geração,1
augusto,1
educações,1
máquinas,1
formamos,1
bixo,1
vós,1
famílias,1
posicionar,1
superaram,1
aconselharam,1
militante,1
oportunamente,1
alterações,1
resumidas,1
uhul,1
ressarcido,1
travamento,1
estampar,1
externa,1
transformada,1
deixamos,1
envergonhar,1
exportadores,1
consultada,1
duvulgados,1
comodites,1
custas,1
fecho,1
hahahahahahahahahaha,1
dicidas,1
cuba,1
cadernetas,1
vendidas,1
fechadas,1
desviado,1
founders,1
expectativas,1
confiei,1
crianças,1
isenta,1
preocupada,1
meireles,1
agrega,1
participe,1
restinho,1
preferido,1
revolucionar,1
adele,1
wallet,1
bobo,1
endividamento,1
prepara,1
rendimento,1
participado,1
acerta,1
escuras,1
descobrimos,1
predileção,1
recebível,1
gerson,1
menino,1
feras,1
divulgou,1
plantão,1
retirem,1
revelou,1
nichos,1
voz,1
gratos,1
aguarde,1
médio,1
aprimoramentos,1
comunista,1
aproxima,1
desconfiança,1
criou,1
investback,1
mental,1
unificação,1
precisos,1
transição,1
ficariam,1
unificasse,1
tader,1
cresçam,1
faturar,1
anderson,1
zombou,1
pendurado,1
fracionado,1
arrependeu,1
bíblia,1
notifica,1
dividedos,1
coretagem,1
admiram,1
reconhecem,1
tomo,1
repleta,1
adendo,1
patriotas,1
retomei,1
dalhe,1
traído,1
direita,1
liberando,1
peito,1
representando,1
tratando,1
tiktoker,1
pretendem,1
inves,1
mutaaaaaa,1
tráfico,1
pular,1
gerenciador,1
fixado,1
disparar,1
combater,1
vinte,1
orações,1
jogadas,1
espalhadas,1
milhareis,1
confirmar,1
administrar,1
falarem,1
lasquei,1
canibalizando,1
conservadores,1
trupe,1
totó,1
encontrando,1
seguido,1
ouvia,1
legitimidade,1
economizamos,1
cabível,1
carretel,1
abandonar,1
maus,1
desrespeitoso,1
espeto,1
postou,1
leveeeee,1
obtenho,1
auxílio,1
bônus,1
evidências,1
verifique,1
lábios,1
vascaino,1
funcionasse,1
godoy,1
ana,1
nenseee,1
madrugada,1
golpes,1
acessores,1
pess,1
valoriza,1
arrombaram,1
libre,1
absurdamente,1
boteco,1
usurpam,1
ladrões,1
associados,1
cabeludo,1
desistiu,1
funcionam,1
boletos,1
valer,1
indisponível,1
entrevistas,1
soluciona,1
contrária,1
marlene,1
manifestei,1
põe,1
volts,1
arminda,1
democracia,1
organismo,1
interrompi,1
escondendo,1
duplo,1
falir,1
creditaram,1
ganhand,1
naquele,1
socialismo,1
hacer,1
redondo,1
líquida,1
centralizar,1
cruzes,1
caderno,1
ultrapassa,1
encerro,1
pretas,1
der,1
ira,1
resolvo,1
tendenciado,1
nesaa,1
presidencia,1
bolsominions,1
prosperar,1
realizado,1
vias,1
hehe,1
paulão,1
atua,1
dt,1
alegar,1
doriana,1
méritos,1
necesitamos,1
orgullosa,1
trabajo,1
arduo,1
fugindo,1
pay,1
celoso,1
irretocável,1
evita,1
few,1
fiança,1
genuinely,1
look,1
derivativos,1
something,1
blessing,1
what,1
suffering,1
took,1
auxiliando,1
step,1
cobrassem,1
try,1
financially,1
lulis,1
great,1
escopo,1
responsible,1
livelo,1
dede,1
aprenda,1
mira,1
cessando,1
guerreiro,1
estudarei,1
coe,1
súper,1
cuentas,1
virá,1
grama,1
deitado,1
banho,1
safados,1
transforme,1
empr,1
estresse,1
comissão,1
baixas,1
seção,1
depoimentos,1
prefiri,1
recuperar,1
motivação,1
hra,1
ciente,1
comprada,1
motivou,1
deixarem,1
necessito,1
geminiana,1
refletem,1
aeeee,1
companheirismo,1
carteirinha,1
admirado,1
mistura,1
corajoso,1
capitalismo,1
facilitar,1
patrocinou,1
wdo,1
pura,1
negaré,1
merecen,1
buenas,1
sea,1
verdad,1
ninguna,1
hago,1
peçam,1
funcionarem,1
inaceitável,1
movimentava,1
vencedora,1
mostrarei,1
trabalharei,1
destilando,1
impropérios,1
comentem,1
conseguisse,1
recusando,1
válido,1
atualizado,1
apaixonada,1
marcelo,1
lateral,1
pombo,1
eravtwr,1
regem,1
zeroooo,1
adquirir,1
gave,1
service,1
grateful,1
own,1
apology,1
doubt,1
sincerity,1
dream,1
received,1
second,1
payment,1
became,1
several,1
payments,1
recomeçar,1
commenting,1
ótimos,1
calls,1
barco,1
conduzido,1
cobta,1
kit,1
vantajoso,1
declaração,1
short,1
lrimeiro,1
promovendo,1
eleger,1
localizei,1
saem,1
until,1
join,1
ciaram,1
disciplina,1
publica,1
versatilidade,1
amplitude,1
sorrindo,1
envolver,1
congelou,1
marra,1
saudável,1
catão,1
chateando,1
m,1
bvn,1
investirei,1
respeitos,1
sugestões,1
lot,1
fiagro,1
curtiu,1
hahahaahaha,1
estáveis,1
tornarem,1
coerência,1
distribuidoras,1
demonstra,1
idoneidade,1
competência,1
sincerely,1
things,1
stewart,1
doing,1
certamente,1
aplicam,1
gostosão,1
executa,1
compactuam,1
buka,1
esperto,1
tome,1
ovos,1
lasca,1
curioso,1
ganhará,1
centenas,1
descontando,1
neologica,1
verificamos,1
remete,1
processa,1
requisitada,1
treta,1
executada,1
agendei,1
executei,1
cobraram,1
hesitant,1
hop,1
into,1
glad,1
hell,1
week,1
already,1
course,1
itself,1
definitely,1
máscara,1
pfr,1
extintas,1
halle,1
terra,1
venderem,1
robôs,1
homologar,1
devidas,1
providências,1
alôooo,1
animação,1
assistio,1
metesse,1
retirasse,1
esfarrapas,1
surra,1
gangue,1
baptista,1
documentooooooo,1
verificado,1
twitter,1
responsabilizando,1
estornaram,1
encerram,1
conversinha,1
controlando,1
poupe,1
entenderia,1
porcarias,1
confundem,1
adianto,1
considerado,1
correspondendo,1
gwm,1
distribuía,1
myself,1
lamentavel,1
canditados,1
canditado,1
confirmação,1
derrubada,1
acusa,1
refaz,1
metrópoles,1
lambendo,1
repito,1
desligar,1
intuiçao,1
diminuirem,1
autorizaçao,1
contrangedor,1
funcionario,1
shell,1
idosa,1
portadora,1
dc,1
cronica,1
atravessa,1
turbilhao,1
saude,1
cotada,1
respeiram,1
ommomento,1
atravessanso,1
patrimonio,1
entorno,1
destespeitosos,1
abastecendo,1
apóia,1
desumanos,1
thomas,1
confuso,1
duplicada,1
colaborou,1
financiou,1
precisão,1
comprometidas,1
exceção,1
inestimável,1
tipos,1
permitiu,1
abrangente,1
jacinta,1
testada,1
maneiras,1
esquecida,1
participantes,1
lara,1
exerce,1
binária,1
fornecem,1
metido,1
acessei,1
debugger,1
programador,1
fs,1
sinda,1
pesados,1
insuportável,1
klein,1
jogaaaaar,1
desrespeitosos,1
violam,1
escroto,1
inclusão,1
espirito,1
criador,1
abençõe,1
compartilhe,1
beijos,1
corações,1
facebook,1
votação,1
beach,1
tênis,1
desmascarada,1
furado,1
palmo,1
orgulhosos,1
alinhados,1
biblia,1
casais,1
realizarem,1
disponibilizarão,1
convidaram,1
temer,1
assusta,1
equador,1
limte,1
aoaga,1
elogiava,1
esperaram,1
caancelando,1
descepção,1
manchada,1
quisermos,1
apoiem,1
patologia,1
ambitious,1
prestar,1
desrespeitam,1
crônicos,1
premiada,1
wiseaad,1
perversa,1
colocada,1
embaixo,1
tapete,1
respeita,1
bo,1
condomínio,1
notificou,1
manager,1
goals,1
reflita,1
towards,1
his,1
care,1
other,1
magnificent,1
comes,1
distante,1
esperemos,1
meninas,1
conseguiriam,1
salvem,1
cidadões,1
entedimento,1
humor,1
see,1
being,1
costumo,1
poise,1
tradição,1
retornaram,1
capitão,1
cloroquina,1
mereceu,1
alterando,1
retiraram,1
gnt,1
constante,1
traduzindo,1
quitando,1
obrigam,1
ativam,1
autorizado,1
denis,1
fitness,1
arco,1
bandeiras,1
continuou,1
programei,1
aumentarem,1
errrrou,1
hahahahahhaha,1
apartir,1
desentendidos,1
controladores,1
sidney,1
mangoloide,1
convencer,1
idiotas,1
parceiria,1
inovando,1
animada,1
qnd,1
caiupra,1
seriooooo,1
vergonhaa,1
olhe,1
diassss,1
bloqueio,1
abuso,1
viola,1
alargado,1
surpreendido,1
dependência,1
históricos,1
veram,1
cientista,1
qi,1
militar,1
argumentar,1
va,1
qii,1
rss,1
excelentes,1
dedicação,1
empreendedora,1
construiu,1
breading,1
conheceriam,1
jersonz,1
infinito,1
recordes,1
ajudante,1
sobrecarregado,1
padrões,1
formaaaa,1
rezudir,1
dudu,1
megas,1
amostral,1
fizessem,1
flow,1
nulos,1
encomendar,1
aguentaram,1
queeroo,1
desconfortável,1
profissionalismo,1
razão,1
mensais,1
responsáveis,1
limitedo,1
oratória,1
sugurança,1
regulamentação,1
órgãos,1
exelente,1
desistindo,1
irrita,1
optando,1
salada,1
embaraça,1
peso,1
ultimamente,1
eternidade,1
tonalidade,1
incorporar,1
absurda,1
raiva,1
famoso,1
funds,1
capture,1
aparelhamento,1
autorizei,1
debitada,1
formalizei,1
reclameaqui,1
indevida,1
referindo,1
qué,1
postão,1
amoooo,1
friend,1
cred,1
exposição,1
mensalmente,1
manual,1
gestores,1
bio,1
ferrando,1
inbox,1
sobrando,1
atencioso,1
lixos,1
título,1
preocupasse,1
haveria,1
catar,1
linkedin,1
transborda,1
intolerância,1
inexplicável,1
avisoooooo,1
here,1
carnaval,1
publicações,1
mando,1
procedi,1
paulista,1
fins,1
estatística,1
participei,1
círculos,1
amorosa,1
pensava,1
superar,1
gestos,1
tocam,1
proft,1
lulista,1
tradicional,1
procura,1
sacaneada,1
trinta,1
soma,1
incerto,1
porr,1
fluminese,1
nensee,1
neeeennseeee,1
tooooope,1
garotos,1
propagandas,1
casadinho,1
capixaba,1
conhecidos,1
fidelizar,1
regina,1
tentado,1
long,1
trocarem,1
concreto,1
desgastante,1
desdo,1
prolongando,1
devoradores,1
reconstruir,1
funcionalidades,1
oppen,1
dedicados,1
quaisquer,1
intimado,1
fechando,1
surpreendi,1
limiteeeee,1
veicular,1
shop,1
integrada,1
ladrào,1
fechado,1
quebraram,1
esfolaram,1
inviável,1
manteu,1
luz,1
oloco,1
livres,1
gratuito,1
enriquecer,1
trigo,1
resgatei,1
atrasada,1
perderá,1
polo,1
estuda,1
vtnc,1
vsf,1
argumento,1
entrevistou,1
guiné,1
bissau,1
respostando,1
frio,1
ensinei,1
brenda,1
agradecerá,1
garantidos,1
falhas,1
esperneia,1
patrry,1
procedo,1
escolho,1
sente,1
fortalecendo,1
agradecendo,1
retribuir,1
plenamente,1
adição,1
prometeuo,1
produçãaaaaun,1
genocidio,1
russo,1
muitoooo,1
ridiculamente,1
desejos,1
voar,1
equated,1
vivido,1
abaixarem,1
abaixando,1
wra,1
engajado,1
restoring,1
happiness,1
darkest,1
during,1
those,1
period,1
surprise,1
reliability,1
cant,1
guerreiras,1
lastreadas,1
divergentes,1
depe,1
acumular,1
votei,1
obtiveram,1
benéficos,1
convencional,1
antecipadamente,1
programou,1
travamentos,1
procuro,1
prezados,1
mensageiro,1
discordâncias,1
superou,1
guilhotina,1
ensino,1
quebrou,1
viam,1
polônia,1
infeliz,1
cartilha,1
influencia,1
qq,1
reduto,1
vergonhoso,1
teer,1
ala,1
aportar,1
mútuo,1
paulistas,1
besteira,1
qualificar,1
putin,1
útil,1
company,1
doubts,1
at,1
seeing,1
deemed,1
necessary,1
general,1
public,1
them,1
truly,1
foguete,1
ré,1
amg,1
alemães,1
vladimir,1
explicativo,1
óbvio,1
sociedade,1
anônima,1
concessão,1
vencendo,1
lupa,1
apresentados,1
desbloqueia,1
estāo,1
tirarei,1
demoniza,1
inimigo,1
insistem,1
suicidar,1
perante,1
aproveito,1
gerido,1
elemento,1
politicalia,1
melhoooor,1
concertar,1
merecíamos,1
mimimi,1
palhaço,1
horrores,1
min,1
fila,1
atenderam,1
almoçar,1
providenciar,1
fluuuzaao,1
preparamos,1
confira,1
quemomvão,1
bussines,1
multas,1
altíssimos,1
usurpado,1
sonha,1
criminoso,1
individamentos,1
abusivos,1
bolsonaaaaro,1
otario,1
puxar,1
politico,1
cbav,1
igti,1
vendas,1
escrevo,1
aproximadamente,1
negociado,1
esquemas,1
prometer,1
desgraça,1
descalabro,1
desgovernante,1
inominável,1
prenome,1
madeira,1
escreve,1
invadir,1
crescia,1
epoca,1
lavajato,1
endividadas,1
cortado,1
credenciados,1
pulo,1
alegre,1
florianópolis,1
informativo,1
aprendemos,1
tornamos,1
raio,1
empecilho,1
serio,1
cansada,1
inovadora,1
apresentando,1
recebimento,1
prestado,1
spreeds,1
monta,1
coerente,1
simplificando,1
removendo,1
inferior,1
enviando,1
comprometer,1
digitação,1
firma,1
anterio,1
disponibilizarem,1
institucionais,1
verificada,1
punida,1
órgão,1
conquistado,1
advogados,1
aplica,1
ecossistema,1
vistos,1
agente,1
autônomo,1
perrengues,1
espetacular,1
tentou,1
recurso,1
ig,1
satisfeita,1
render,1
estabilizar,1
adicionei,1
afastem,1
guri,1
pilota,1
glamouroso,1
carregado,1
endosso,1
banana,1
arriscar,1
euforia,1
mergulhar,1
mortal,1
setembro,1
pontua,1
fidelidade,1
ganham,1
tirador,1
colocasse,1
pudéssemos,1
seguranças,1
digitados,1
escrever,1
perderem,1
discutir,1
iram,1
horrívelllllllll,1
coraçao,1
youre,1
ive,1
seen,1
far,1
happy,1
didnt,1
ill,1
testify,1
youve,1
escrevendo,1
franqueza,1
contínuo,1
culpando,1
personalizado,1
positiva,1
avaliações,1
indusão,1
printei,1
frutífera,1
existência,1
comerciante,1
testou,1
comprometido,1
afffffff,1
football,1
repudia,1
snowflake,1
transições,1
funcionais,1
concedem,1
potenciais,1
consciência,1
considerem,1
orquestrou,1
enfrentou,1
obrigação,1
pane,1
sujeita,1
interrupções,1
podendo,1
impedir,1
atualizadas,1
relacionadas,1
passível,1
checagem,1
eventual,1
analisariam,1
voláteis,1
aproveita,1
convidam,1
inflando,1
decepcionando,1
entram,1
sozinhas,1
reagir,1
fgc,1
garantidor,1
dinheiros,1
surge,1
postes,1
mentirosas,1
sã,1
reputação,1
disponivel,1
cash,1
disponibilizam,1
operarem,1
falsa,1
alegação,1
adquiri,1
existia,1
falcatrua,1
clonado,1
contam,1
financiei,1
faaase,1
reservar,1
ohhh,1
habilita,1
fogueta,1
comprometesse,1
assumido,1
rapidamente,1
operado,1
refere,1
inquestionável,1
premium,1
liderando,1
fumo,1
derrubar,1
ibov,1
encaminhado,1
movido,1
btf,1
doutores,1
mensalao,1
mamavam,1
teta,1
iolanda,1
pan,1
consignado,1
indevidamente,1
estornado,1
supostamente,1
lesados,1
imaginando,1
idoso,1
solicitou,1
emprestimo,1
prrcisamos,1
tentanos,1
pa,1
estanos,1
cearense,1
dem,1
edson,1
reduzirão,1
verde,1
amarela,1
sócia,1
instantâneos,1
deside,1
devida,1
tratativa,1
escárnio,1
mentirem,1
revigora,1
organizando,1
adiantando,1
verdienen,1
beginnen,1
cumprido,1
corram,1
arrependa,1
estavaa,1
comunicada,1
temporária,1
enxugando,1
convida,1
maconha,1
extinguido,1
continuaremos,1
envestir,1
desanimador,1
conseguido,1
prosperidade,1
oferendo,1
atos,1
ihr,1
ocasionaram,1
evitem,1
vomitativo,1
abandona,1
gewinnen,1
ihren,1
handel,1
einer,1
legitimen,1
ist,1
echt,1
sehr,1
verbinden,1
sich,1
iniciaria,1
brinde,1
ptralhas,1
lk,1
visões,1
humanizado,1
maneiro,1
abs,1
paap,1
cobrou,1
registros,1
registro,1
operacionais,1
juntando,1
rolar,1
pasta,1
utilizados,1
ilimitada,1
unlimited,1
personagens,1
iguais,1
posicionados,1
integra,1
mentecaptos,1
morrem,1
come,1
palmeiras,1
excluiu,1
textor,1
sarrafo,1
inclua,1
botafogo,1
oito,1
vereador,1
vlm,1
nação,1
desagradável,1
passos,1
priorizei,1
agosto,1
quitarei,1
fecharei,1
batalhei,1
spotify,1
pfv,1
piano,1
julgue,1
farsa,1
voltaremos,1
pergunte,1
conclui,1
seguidores,1
espere,1
ágio,1
transaction,1
between,1
within,1
transparency,1
sense,1
responsibility,1
always,1
assertividade,1
reeleita,1
ansiedade,1
edições,1
extensão,1
apelando,1
ocupar,1
divergente,1
ahh,1
provou,1
generaciones,1
están,1
shock,1
desesperadas,1
refugiados,1
huido,1
desplazadas,1
tales,1
desplazamientos,1
gran,1
escala,1
podrían,1
tener,1
consecuencias,1
duraderas,1
huyen,1
violencia,1
también,1
corren,1
mayor,1
riesgo,1
explotación,1
armas,1
explosivas,1
zonas,1
urbanas,1
pobladas,1
víctimas,1
incluidos,1
daños,1
considerables,1
familias,1
traumatizados,1
vassalo,1
cod,1
começará,1
postado,1
dora,1
retroceder,1
incisso,1
descumprimento,1
desacata,1
telefonar,1
cortarem,1
religiosamente,1
integral,1
cdc,1
constranger,1
omitir,1
civil,1
profundamente,1
falindo,1
bati,1
olhado,1
verdades,1
simplicidade,1
alex,1
teniendo,1
devastador,1
necesidades,1
multiplican,1
medida,1
siguen,1
siendo,1
heridos,1
infraestructura,1
servicios,1
hogares,1
administrasse,1
agem,1
desabonasse,1
recomendei,1
exemplificando,1
vossa,1
destinatário,1
pretendíamos,1
mostrei,1
concordei,1
aguentam,1
discurso,1
preocupam,1
reduzida,1
motoboy,1
perfeitamente,1
centrales,1
discernimento,1
extrapolar,1
emergencial,1
colocavam,1
reclamava,1
encerre,1
tenebroso,1
guiness,1
canção,1
believin,1
repitam,1
incomodo,1
desmascarar,1
armado,1
justificasse,1
muuuu,1
apio,1
dna,1
eléctricas,1
civiles,1
buscan,1
refugio,1
han,1
dañados,1
nuestras,1
obligaciones,1
fondo,1
caridad,1
tenemos,1
miles,1
sin,1
hogar,1
vienen,1
reciben,1
asistencia,1
instalaciones,1
asearse,1
nuestro,1
enfoque,1
nuestra,1
org,1
amada,1
humildade,1
io,1
vestem,1
alavancar,1
desespero,1
comprovantes,1
poderoso,1
leveza,1
segredo,1
pegarem,1
abadiaram,1
dnv,1
justificando,1
ineficiência,1
baba,1
nela,1
inclusivo,1
desconte,1
mo,1
academia,1
descontam,1
telha,1
bota,1
tragédia,1
dádiva,1
júlio,1
apixonada,1
arrasaram,1
magnifico,1
redefinir,1
parede,1
vinha,1
específica,1
semelhança,1
remuneração,1
soberano,1
giro,1
dizes,1
adivinha,1
glórias,1
burrice,1
quintal,1
pfvr,1
principais,1
abrirem,1
vire,1
permanente,1
maio,1
sólido,1
botei,1
tentasse,1
enganaça,1
minas,1
bobeira,1
estresso,1
desalocar,1
insight,1
ehhehehehehehe,1
destruiu,1
punição,1
pec,1
bandidagem,1
eleitoreira,1
beneficiar,1
rendeu,1
negou,1
anual,1
observe,1
media,1
poupadores,1
recuperando,1
monetário,1
saqueou,1
carpir,1
ursupadores,1
ansioso,1
comissões,1
treinada,1
fraudada,1
minhares,1
ocultando,1
pedidos,1
mediante,1
desafio,1
publicamente,1
parabenizar,1
contrario,1
precariedade,1
isentando,1
totamente,1
migrando,1
empura,1
nft,1
custa,1
cometeu,1
índole,1
assessorar,1
latina,1
presidiario,1
fe,1
aer,1
appiar,1
agricultores,1
agricultura,1
yt,1
desmotivar,1
imorredouro,1
pf,1
desesperados,1
contatar,1
dona,1
bugar,1
abriam,1
restou,1
unifiquem,1
indício,1
decepcionante,1
divisor,1
ginástica,1
estrela,1
titio,1
buffett,1
branquinho,1
maya,1
mulherão,1
experience,1
neh,1
happens,1
failure,1
cause,1
out,1
trying,1
fortunately,1
smiling,1
today,1
by,1
getting,1
involved,1
him,1
merdas,1
desgraçados,1
novidades,1
validação,1
vish,1
mágica,1
tio,1
largo,1
perdir,1
solicitado,1
morro,1
punhado,1
recuperou,1
floresta,1
restabelecendo,1
ambientais,1
perdidos,1
criação,1
garimpo,1
tiririca,1
reportagem,1
agilizem,1
entendessem,1
desserviço,1
ecossistemas,1
cientístas,1
gastaram,1
mentiroso,1
noé,1
ícone,1
gastronomia,1
corajosos,1
batalhadores,1
coco,1
diretaço,1
nóixx,1
varios,1
reativar,1
egoísta,1
aumentasse,1
verdadeiras,1
praticidade,1
física,1
fabuloso,1
negocia,1
gerenciar,1
mencionar,1
aposentar,1
diretor,1
fortune,1
primavera,1
robozão,1
recomendarei,1
libertação,1
srs,1
dispõe,1
universidades,1
aprovaram,1
bovegas,1
semestre,1
ofensa,1
lindeza,1
generosa,1
tomou,1
retido,1
falácia,1
pensem,1
aguardamos,1
virei,1
informado,1
brasilll,1
compartilhasse,1
priority,1
mínimas,1
desbloqueou,1
estando,1
serviu,1
encaminhar,1
tristeee,1
mantenham,1
gestora,1
repeito,1
demitiram,1
tristeza,1
riquíssima,1
facil,1
palmas,1
colocava,1
hahahahaha,1
entiada,1
aprendendo,1
blacks,1
vantajosos,1
tubarões,1
aumentado,1
vips,1
compartilhados,1
curtíssimo,1
enderece,1
anuais,1
ressaltar,1
mecânica,1
ingresso,1
ocorre,1
atrapalharam,1
extrai,1
autora,1
dimensões,1
realizei,1
confirmaram,1
contratem,1
corretorasl,1
usufruir,1
enfiando,1
pendurada,1
mudam,1
desistido,1
chatisse,1
ignoram,1
cúmplice,1
larápio,1
minimamente,1
exatidão,1
tendendo,1
garante,1
analisei,1
exclui,1
cautelosa,1
amostra,1
fração,1
pegarmos,1
inferirmos,1
óbvia,1
corresponderá,1
concreta,1
tampouco,1
servirá,1
afirmação,1
aff,1
especulação,1
chefão,1
conexão,1
estratosférico,1
corta,1
erram,1
valuation,1
ajustado,1
possible,1
invest,1
mining,1
reformando,1
fabrica,1
erica,1
conprovante,1
posto,1
psiquiatra,1
ameaça,1
indicaram,1
homens,1
cadastros,1
esperava,1
demaisss,1
viidaaaaa,1
urgenteeeeee,1
saca,1
suumiiuuuuuu,1
extorno,1
rebanho,1
focado,1
lírio,1
lucrei,1
conhecido,1
papéis,1
reseach,1
terminou,1
per,1
incluem,1
luiza,1
trajano,1
implora,1
ambev,1
reúnem,1
jantares,1
caríssimos,1
movimentos,1
propriedades,1
privadas,1
hipócrita,1
banqueiro,1
esqueceu,1
capta,1
petrobras,1
qm,1
pertencem,1
preservação,1
mglu,1
exame,1
russomano,1
leram,1
cobre,1
entanto,1
balanço,1
atualizaram,1
assertivas,1
derreteram,1
neutra,1
notei,1
possuiu,1
managing,1
concentrava,1
saída,1
denuncia,1
aluguel,1
autorizacao,1
protocolei,1
anexos,1
heheeheh,1
errar,1
rafinha,1
bastos,1
competente,1
envolvam,1
caírem,1
notar,1
continuei,1
confusa,1
anteriormente,1
aparentemente,1
considerando,1
eventão,1
neeeense,1
afirmar,1
kkkkkkkkkkkk,1
constituição,1
livrar,1
jumento,1
retorne,1
entrada,1
tido,1
convence,1
ligaria,1
xx,1
assinaturas,1
causado,1
jogada,1
levo,1
verá,1
referido,1
megs,1
mica,1
respondendo,1
milionários,1
zerem,1
desatualizada,1
caraaaaalho,1
booooooom,1
brasileiras,1
apoiarem,1
avançando,1
lanço,1
analfabetos,1
baile,1
raios,1
vamuuuuuu,1
continuarmos,1
acompanharem,1
manifestações,1
antiga,1
excesso,1
aliados,1
empreitada,1
posta,1
questionar,1
deb,1
account,1
since,1
opçao,1
adoram,1
tornará,1
associado,1
participação,1
assembleias,1
cooperativa,1
conservador,1
ama,1
vooolta,1
pare,1
abençoou,1
kerry,1
gomez,1
links,1
fraudulentas,1
solto,1
quilométricas,1
vamoooos,1
precisarei,1
bugaram,1
costuma,1
bombas,1
fa,1
especializadas,1
restauração,1
vaza,1
monglona,1
minionzada,1
rejeição,1
trabalhadores,1
saímos,1
integralizando,1
filas,1
fortemente,1
indicador,1
cometam,1
eficiência,1
assumi,1
mexer,1
finalizei,1
aumentaria,1
ganharam,1
desinstalei,1
delss,1
caramba,1
investimos,1
trabalhamos,1
compreensível,1
vimos,1
consultivas,1
mutirão,1
pessoais,1
confiam,1
intencionada,1
abrem,1
aloo,1
bechi,1
eqi,1
exigencias,1
abençoando,1
fuja,1
visam,1
agências,1
impecáveis,1
organizadas,1
jogador,1
reestruturacao,1
lost,1
chamamos,1
participou,1
coordenou,1
minerar,1
sujei,1
logomarca,1
pranchas,1
surf,1
complicados,1
listagem,1
br,1
entrarem,1
integrantes,1
compensa,1
confere,1
avançamos,1
perigosos,1
atravéz,1
divergências,1
falamos,1
executando,1
adoidado,1
desligam,1
trilhão,1
lindaw,1
habilidades,1
bordo,1
financiadas,1
wish,1
everyone,1
ronnie,1
tendenciosos,1
periodicamente,1
reestruturaram,1
imaginem,1
beeeem,1
graficos,1
clicar,1
header,1
ops,1
piorou,1
experiencia,1
busquei,1
aberto,1
sofri,1
igor,1
pires,1
barbosa,1
usaram,1
abala,1
espetaculares,1
migration,1
auto,1
hehehe,1
calado,1
segurando,1
psicológico,1
conivente,1
manipuladores,1
valia,1
roubaram,1
impiricus,1
jornalecos,1
compraram,1
iludir,1
cheeeeeeega,1
governando,1
guardado,1
decisivo,1
gastou,1
pára,1
agnt,1
mora,1
terreno,1
abandonado,1
esteva,1
mato,1
desmatada,1
árvores,1
prisioneiro,1
pablo,1
arbítrio,1
criada,1
continuarem,1
comentando,1
anexo,1
dignos,1
conselheiros,1
diretora,1
optou,1
zerei,1
navegador,1
copiar,1
itau,1
toro,1
decaiu,1
abandonei,1
proucipa,1
fi,1
cresceram,1
disposta,1
limito,1
entregar,1
esquivando,1
fabinho,1
operador,1
oscilação,1
vendedores,1
sustos,1
especulativo,1
ligue,1
mire,1
quotas,1
diversifique,1
beneficia,1
procede,1
bolsolão,1
refinaria,1
ramo,1
zapzap,1
tia,1
guru,1
chamarem,1
imperdível,1
legado,1
deixará,1
possibilitar,1
porrs,1
pesquise,1
imperfeito,1
chic,1
inscrevi,1
consultora,1
chupando,1
coma,1
ura,1
guias,1
tributos,1
esquecido,1
agilizar,1
precificação,1
luisa,1
proprio,1
umbigo,1
degrau,1
sugar,1
daddy,1
colar,1
wall,1
street,1
cumpriu,1
atrasados,1
nois,1
prioridades,1
planilhas,1
demos,1
stopada,1
confirma,1
ímpar,1
visando,1
selecionar,1
confiamos,1
atrapalha,1
veeem,1
apoiaram,1
chegarmos,1
iludam,1
oitavo,1
cgu,1
inventar,1
trouxeinha,1
interfaz,1
pag,1
trabada,1
datos,1
redundantes,1
limpo,1
aprovarem,1
genérica,1
enrolada,1
fornecerem,1
prometido,1
enquadro,1
cidades,1
bpac,1
promessa,1
descontada,1
movimentada,1
confrontar,1
passadas,1
aún,1
correo,1
bloquearem,1
selfie,1
movimente,1
ilegal,1
cuide,1
puxa,1
ceder,1
galerinha,1
altíssimo,1
descontado,1
deriva,1
poupança,1
penalizar,1
proprietária,1
traider,1
preocupações,1
aprendizado,1
produzido,1
dialogar,1
continuamos,1
operei,1
spreads,1
transfere,1
impacientes,1
fiscais,1
esclareceu,1
restrições,1
sinalizei,1
dda,1
havendo,1
gradativa,1
mudando,1
deparam,1
agradando,1
desanima,1
esclarecedora,1
resiliência,1
empreendedore,1
ignorado,1
incansáveis,1
caatinga,1
subsidiárias,1
energia,1
defeitos,1
sima,1
relevante,1
implantada,1
dinheirinho,1
ensinamento,1
fugir,1
frisar,1
desenvolvidos,1
métrica,1
descolados,1
ruinzinhos,1
atendam,1
palocci,1
memória,1
curta,1
estádio,1
recém,1
magia,1
devoção,1
resgata,1
amamilhas,1
paletas,1
banker,1
confirmo,1
seleciona,1
riam,1
reeleição,1
reuniãozinha,1
donos,1
oxiiiii,1
cadastrado,1
cadastrando,1
autorização,1
ajudarem,1
possuirá,1
ocupado,1
ciclovias,1
lacra,1
lucra,1
bno,1
pegaram,1
entrevistaram,1
cálculo,1
engolir,1
envisto,1
acessora,1
safira,1
lambeu,1
doria,1
xo,1
desvio,1
planeta,1
muitoooooo,1
diminuire,1
lucrativo,1
consórcio,1
enquadra,1
coitado,1
mansueto,1
morre,1
agradecemos,1
concorda,1
eleitos,1
perguntei,1
quebrei,1
medido,1
funcionou,1
atedimento,1
tamanha,1
disponibilizados,1
afloram,1
amamos,1
abstém,1
preconceituosos,1
associar,1
alienados,1
estudem,1
negacionista,1
educados,1
educando,1
erroneamente,1
esclerose,1
basicamente,1
doenças,1
autoimunes,1
permitem,1
marcos,1
aprofundar,1
ressentimento,1
vide,1
percentuais,1
lança,1
orientado,1
aparente,1
cotovelo,1
resultando,1
amaria,1
concetrar,1
avisam,1
santo,1
orgulhar,1
brincam,1
parceira,1
máster,1
mentirosos,1
filmagens,1
mentem,1
comoo,1
qir,1
facilidade,1
recolher,1
bendito,1
sobrinho,1
ligamos,1
registrado,1
nexo,1
tigre,1
peste,1
enganação,1
enganadores,1
aloquei,1
pense,1
nus,1
constrangimentos,1
fará,1
esconder,1
suposta,1
períodos,1
verso,1
canalnde,1
river,1
acostumando,1
permitido,1
peças,1
gerou,1
filmagem,1
botão,1
cultura,1
manutenções,1
diane,1
paixão,1
inscrever,1
surpreender,1
infinitamente,1
atalhos,1
mágicos,1
realização,1
inicialmente,1
negligenciada,1
democrático,1
incrivelmente,1
ruin,1
prq,1
acessava,1
clicava,1
direcionando,1
repetir,1
incorretos,1
desanimado,1
disponibiliza,1
contratadas,1
vendem,1
canabis,1
bozó,1
colacar,1
reorganizar,1
previdenciária,1
k,1
projetou,1
empregos,1
região,1
armadura,1
postam,1
impecável,1
fluido,1
podesse,1
meuncelular,1
trocentos,1
moderno,1
sumiram,1
devolução,1
apropriação,1
rir,1
baixíssima,1
caíram,1
solucionaram,1
naoyfli,1
destinados,1
interface,1
incide,1
normalmemte,1
revertido,1
aderir,1
logicamente,1
nonaplicativo,1
encobrir,1
peneira,1
esforçando,1
fluuuuuuminense,1
espécie,1
aceitava,1
preparada,1
amadorismo,1
clean,1
muitomorgulhosonde,1
carente,1
eleito,1
ambição,1
daram,1
equivalência,1
ultravioleta,1
resgate,1
comunistas,1
chinesas,1
assalta,1
minions,1
vixi,1
petro,1
anotei,1
kkkkkkkkkk,1
kkkkkkkkkkkkkk,1
acabe,1
retifiquem,1
farra,1
leitura,1
imprestimo,1
quebrado,1
lcis,1
trabalhado,1
louvável,1
oferecidas,1
batem,1
ampla,1
simular,1
assessorado,1
aproveitado,1
ri,1
picado,1
kristina,1
altamente,1
denúncia,1
ᴇᴀʀɴ,1
ғʀᴏᴍ,1
copiando,1
criatividade,1
letras,1
barca,1
kskskskskd,1
cancelarem,1
presa,1
idiota,1
fingindo,1
pessimo,1
prenderam,1
desvinculada,1
tijucano,1
sincroniza,1
acusou,1
debate,1
envolvido,1
risadinha,1
terninho,1
cretino,1
continuidade,1
cena,1
artística,1
batermos,1
ligacao,1
abusivas,1
abusa,1
param,1
deposito,1
múltiplas,1
hesito,1
comprovando,1
sérios,1
senario,1
rio,1
viraram,1
representantes,1
coordenação,1
creditar,1
valozcrypto,1
caraiii,1
safado,1
marcas,1
resultou,1
positivamente,1
falsos,1
irreal,1
leia,1
publicada,1
explique,1
invencíveis,1
cenas,1
benchimol,1
indicativos,1
dadas,1
cartada,1
prestando,1
voltado,1
ascensão,1
computados,1
supera,1
ocorram,1
mostrando,1
importuno,1
vira,1
fodeu,1
namastê,1
george,1
pouquíssimas,1
precisávamos,1
bot,1
reter,1
aconselharia,1
honesta,1
kkkkkkkkkkk,1
clt,1
sonham,1
gesto,1
vemmmmmmm,1
acessor,1
líquidos,1
baguncaaaa,1
maiskkkkk,1
tel,1
powell,1
exigências,1
considerava,1
chegamos,1
chego,1
taokey,1
lembrar,1
jegue,1
acompanham,1
tendenciosa,1
micto,1
bebendo,1
valorização,1
primordial,1
restante,1
icms,1
etfs,1
demonstrou,1
acertando,1
gerir,1
rei,1
rachadinha,1
exigente,1
estaríamos,1
constrangerem,1
olhem,1
negra,1
aluga,1
andar,1
buscador,1
escolheu,1
assinei,1
consentimento,1
adesão,1
emails,1
identifique,1
ilegalmente,1
obtidos,1
qse,1
atingir,1
meta,1
semanalmente,1
passamos,1
impacta,1
combustíveis,1
silver,1
